2026-05-01 20:06:58,367 | INFO  | agentic | [a7a3c0d6][state] run created
2026-05-01 20:06:58,451 | INFO  | agentic | [a7a3c0d6][state] run updated: ['status']
2026-05-01 20:06:58,459 | INFO  | agentic | [a7a3c0d6][orchestrator] pipeline start · 7 agents
2026-05-01 20:06:58,477 | INFO  | agentic | [a7a3c0d6][intake] agent → running
2026-05-01 20:06:58,536 | INFO  | agentic | [a7a3c0d6][intake] groq call · model=llama-3.1-8b-instant temp=0.3
2026-05-01 20:07:00,604 | INFO  | agentic | [a7a3c0d6][intake] groq ok
2026-05-01 20:07:00,607 | INFO  | agentic | [a7a3c0d6][state] specification stored
2026-05-01 20:07:00,611 | INFO  | agentic | [a7a3c0d6][state] run updated: ['status']
2026-05-01 20:07:00,613 | INFO  | agentic | [a7a3c0d6][intake] awaiting 3 clarification(s)
2026-05-01 20:07:00,615 | INFO  | agentic | [a7a3c0d6][intake] agent → running
2026-05-01 20:07:00,616 | INFO  | agentic | [a7a3c0d6][orchestrator] pipeline paused — intake awaiting user input
2026-05-01 20:10:33,901 | INFO  | agentic | [a7a3c0d6][state] specification stored
2026-05-01 20:10:33,903 | INFO  | agentic | [a7a3c0d6][intake] agent → idle
2026-05-01 20:10:33,908 | INFO  | agentic | [a7a3c0d6][state] run updated: ['status']
2026-05-01 20:10:33,910 | INFO  | agentic | [a7a3c0d6][intake] received 3 answer(s) — resuming
2026-05-01 20:10:33,913 | INFO  | agentic | [a7a3c0d6][state] run updated: ['status']
2026-05-01 20:10:33,915 | INFO  | agentic | [a7a3c0d6][orchestrator] pipeline start · 7 agents
2026-05-01 20:10:33,917 | INFO  | agentic | [a7a3c0d6][intake] agent → running
2026-05-01 20:10:33,918 | INFO  | agentic | [a7a3c0d6][intake] groq call · model=llama-3.1-8b-instant temp=0.3
2026-05-01 20:10:34,349 | INFO  | agentic | [a7a3c0d6][intake] groq ok
2026-05-01 20:10:34,351 | INFO  | agentic | [a7a3c0d6][state] specification stored
2026-05-01 20:10:34,353 | INFO  | agentic | [a7a3c0d6][intake] spec ready · url-shortener · 4 features
2026-05-01 20:10:34,358 | INFO  | agentic | [a7a3c0d6][intake] agent → success
2026-05-01 20:10:34,361 | INFO  | agentic | [a7a3c0d6][architect] agent → running
2026-05-01 20:10:34,366 | INFO  | agentic | [a7a3c0d6][architect] groq call · model=llama-3.1-8b-instant temp=0.2
2026-05-01 20:11:14,878 | INFO  | agentic | [a7a3c0d6][architect] groq ok
2026-05-01 20:11:14,882 | INFO  | agentic | [a7a3c0d6][state] architecture stored
2026-05-01 20:11:14,883 | INFO  | agentic | [a7a3c0d6][architect] arch: 3 APIs · 1 tables · 3 modules
2026-05-01 20:11:14,887 | INFO  | agentic | [a7a3c0d6][architect] agent → success
2026-05-01 20:11:14,893 | INFO  | agentic | [a7a3c0d6][planner] agent → running
2026-05-01 20:11:14,907 | INFO  | agentic | [a7a3c0d6][planner] groq call · model=llama-3.1-8b-instant temp=0.2
2026-05-01 20:11:37,721 | INFO  | agentic | [a7a3c0d6][planner] groq ok
2026-05-01 20:11:37,724 | INFO  | agentic | [a7a3c0d6][state] task added · Create project structure
2026-05-01 20:11:37,727 | INFO  | agentic | [a7a3c0d6][state] task added · Define database schema
2026-05-01 20:11:37,730 | INFO  | agentic | [a7a3c0d6][state] task added · Implement database models
2026-05-01 20:11:37,734 | INFO  | agentic | [a7a3c0d6][state] task added · Create API routes
2026-05-01 20:11:37,736 | INFO  | agentic | [a7a3c0d6][state] task added · Implement hit-count analytics
2026-05-01 20:11:37,743 | INFO  | agentic | [a7a3c0d6][state] task added · Implement API request/response schemas
2026-05-01 20:11:37,745 | INFO  | agentic | [a7a3c0d6][state] task added · Implement API entrypoint
2026-05-01 20:11:37,747 | INFO  | agentic | [a7a3c0d6][state] task added · Implement database CRUD operations
2026-05-01 20:11:37,751 | INFO  | agentic | [a7a3c0d6][state] task added · Implement API error handling
2026-05-01 20:11:37,753 | INFO  | agentic | [a7a3c0d6][state] task added · Implement API performance optimization
2026-05-01 20:11:37,758 | INFO  | agentic | [a7a3c0d6][state] task added · Write API tests
2026-05-01 20:11:37,762 | INFO  | agentic | [a7a3c0d6][state] task added · Write database tests
2026-05-01 20:11:37,765 | INFO  | agentic | [a7a3c0d6][state] task added · Write analytics tests
2026-05-01 20:11:37,768 | INFO  | agentic | [a7a3c0d6][state] task added · Write API documentation
2026-05-01 20:11:37,768 | INFO  | agentic | [a7a3c0d6][planner] plan: 14 atomic tasks
2026-05-01 20:11:37,772 | INFO  | agentic | [a7a3c0d6][planner] agent → success
2026-05-01 20:11:37,777 | INFO  | agentic | [a7a3c0d6][qa] agent → running
2026-05-01 20:11:37,793 | INFO  | agentic | [a7a3c0d6][state] run updated: ['output_dir']
2026-05-01 20:11:37,794 | INFO  | agentic | [a7a3c0d6][qa] groq call · model=llama-3.3-70b-versatile temp=0.1
2026-05-01 20:11:39,218 | INFO  | agentic | [a7a3c0d6][qa] groq ok
2026-05-01 20:11:39,225 | INFO  | agentic | [a7a3c0d6][state] task test file set · output_projects\a7a3c0d6-69f0-499b-97c3-b387dd2157c4\tests\test_t-001.py
2026-05-01 20:11:39,229 | INFO  | agentic | [a7a3c0d6][state] task → in_progress
2026-05-01 20:11:39,230 | INFO  | agentic | [a7a3c0d6][qa] test written · test_t-001.py · 33 lines
2026-05-01 20:11:44,240 | INFO  | agentic | [a7a3c0d6][qa] groq call · model=llama-3.3-70b-versatile temp=0.1
2026-05-01 20:11:45,472 | INFO  | agentic | [a7a3c0d6][qa] groq ok
2026-05-01 20:11:45,481 | INFO  | agentic | [a7a3c0d6][state] task test file set · output_projects\a7a3c0d6-69f0-499b-97c3-b387dd2157c4\tests\test_t-002.py
2026-05-01 20:11:45,483 | INFO  | agentic | [a7a3c0d6][state] task → in_progress
2026-05-01 20:11:45,485 | INFO  | agentic | [a7a3c0d6][qa] test written · test_t-002.py · 40 lines
2026-05-01 20:11:50,476 | INFO  | agentic | [a7a3c0d6][qa] groq call · model=llama-3.3-70b-versatile temp=0.1
2026-05-01 20:11:58,608 | INFO  | agentic | [a7a3c0d6][qa] groq ok
2026-05-01 20:11:58,613 | INFO  | agentic | [a7a3c0d6][state] task test file set · output_projects\a7a3c0d6-69f0-499b-97c3-b387dd2157c4\tests\test_t-003.py
2026-05-01 20:11:58,617 | INFO  | agentic | [a7a3c0d6][state] task → in_progress
2026-05-01 20:11:58,618 | INFO  | agentic | [a7a3c0d6][qa] test written · test_t-003.py · 36 lines
2026-05-01 20:12:03,623 | INFO  | agentic | [a7a3c0d6][qa] groq call · model=llama-3.3-70b-versatile temp=0.1
2026-05-01 20:12:06,991 | INFO  | agentic | [a7a3c0d6][qa] groq ok
2026-05-01 20:12:06,996 | INFO  | agentic | [a7a3c0d6][state] task test file set · output_projects\a7a3c0d6-69f0-499b-97c3-b387dd2157c4\tests\test_t-004.py
2026-05-01 20:12:06,999 | INFO  | agentic | [a7a3c0d6][state] task → in_progress
2026-05-01 20:12:07,000 | INFO  | agentic | [a7a3c0d6][qa] test written · test_t-004.py · 39 lines
2026-05-01 20:12:12,012 | INFO  | agentic | [a7a3c0d6][qa] groq call · model=llama-3.3-70b-versatile temp=0.1
2026-05-01 20:12:15,029 | INFO  | agentic | [a7a3c0d6][qa] groq ok
2026-05-01 20:12:15,033 | INFO  | agentic | [a7a3c0d6][state] task test file set · output_projects\a7a3c0d6-69f0-499b-97c3-b387dd2157c4\tests\test_t-005.py
2026-05-01 20:12:15,035 | INFO  | agentic | [a7a3c0d6][state] task → in_progress
2026-05-01 20:12:15,036 | INFO  | agentic | [a7a3c0d6][qa] test written · test_t-005.py · 41 lines
2026-05-01 20:12:20,059 | INFO  | agentic | [a7a3c0d6][qa] groq call · model=llama-3.3-70b-versatile temp=0.1
2026-05-01 20:12:21,385 | INFO  | agentic | [a7a3c0d6][qa] groq ok
2026-05-01 20:12:21,400 | INFO  | agentic | [a7a3c0d6][state] task test file set · output_projects\a7a3c0d6-69f0-499b-97c3-b387dd2157c4\tests\test_t-006.py
2026-05-01 20:12:21,412 | INFO  | agentic | [a7a3c0d6][state] task → in_progress
2026-05-01 20:12:21,414 | INFO  | agentic | [a7a3c0d6][qa] test written · test_t-006.py · 42 lines
2026-05-01 20:12:26,435 | INFO  | agentic | [a7a3c0d6][qa] groq call · model=llama-3.3-70b-versatile temp=0.1
2026-05-01 20:12:28,508 | INFO  | agentic | [a7a3c0d6][qa] groq ok
2026-05-01 20:12:28,516 | INFO  | agentic | [a7a3c0d6][state] task test file set · output_projects\a7a3c0d6-69f0-499b-97c3-b387dd2157c4\tests\test_t-007.py
2026-05-01 20:12:28,533 | INFO  | agentic | [a7a3c0d6][state] task → in_progress
2026-05-01 20:12:28,535 | INFO  | agentic | [a7a3c0d6][qa] test written · test_t-007.py · 37 lines
2026-05-01 20:12:33,548 | INFO  | agentic | [a7a3c0d6][qa] groq call · model=llama-3.3-70b-versatile temp=0.1
2026-05-01 20:12:34,615 | INFO  | agentic | [a7a3c0d6][qa] groq ok
2026-05-01 20:12:34,618 | INFO  | agentic | [a7a3c0d6][state] task test file set · output_projects\a7a3c0d6-69f0-499b-97c3-b387dd2157c4\tests\test_t-008.py
2026-05-01 20:12:34,624 | INFO  | agentic | [a7a3c0d6][state] task → in_progress
2026-05-01 20:12:34,626 | INFO  | agentic | [a7a3c0d6][qa] test written · test_t-008.py · 33 lines
2026-05-01 20:12:39,640 | INFO  | agentic | [a7a3c0d6][qa] groq call · model=llama-3.3-70b-versatile temp=0.1
2026-05-01 20:12:41,796 | INFO  | agentic | [a7a3c0d6][qa] groq ok
2026-05-01 20:12:41,800 | INFO  | agentic | [a7a3c0d6][state] task test file set · output_projects\a7a3c0d6-69f0-499b-97c3-b387dd2157c4\tests\test_t-009.py
2026-05-01 20:12:41,805 | INFO  | agentic | [a7a3c0d6][state] task → in_progress
2026-05-01 20:12:41,808 | INFO  | agentic | [a7a3c0d6][qa] test written · test_t-009.py · 35 lines
2026-05-01 20:12:46,823 | INFO  | agentic | [a7a3c0d6][qa] groq call · model=llama-3.3-70b-versatile temp=0.1
2026-05-01 20:12:48,328 | INFO  | agentic | [a7a3c0d6][qa] groq ok
2026-05-01 20:12:48,333 | INFO  | agentic | [a7a3c0d6][state] task test file set · output_projects\a7a3c0d6-69f0-499b-97c3-b387dd2157c4\tests\test_t-010.py
2026-05-01 20:12:48,340 | INFO  | agentic | [a7a3c0d6][state] task → in_progress
2026-05-01 20:12:48,341 | INFO  | agentic | [a7a3c0d6][qa] test written · test_t-010.py · 34 lines
2026-05-01 20:12:53,336 | INFO  | agentic | [a7a3c0d6][qa] groq call · model=llama-3.3-70b-versatile temp=0.1
2026-05-01 20:12:56,858 | INFO  | agentic | [a7a3c0d6][qa] groq ok
2026-05-01 20:12:56,863 | INFO  | agentic | [a7a3c0d6][state] task test file set · output_projects\a7a3c0d6-69f0-499b-97c3-b387dd2157c4\tests\test_t-011.py
2026-05-01 20:12:56,868 | INFO  | agentic | [a7a3c0d6][state] task → in_progress
2026-05-01 20:12:56,870 | INFO  | agentic | [a7a3c0d6][qa] test written · test_t-011.py · 45 lines
2026-05-01 20:13:01,879 | INFO  | agentic | [a7a3c0d6][qa] groq call · model=llama-3.3-70b-versatile temp=0.1
2026-05-01 20:13:03,246 | INFO  | agentic | [a7a3c0d6][qa] groq ok
2026-05-01 20:13:03,250 | INFO  | agentic | [a7a3c0d6][state] task test file set · output_projects\a7a3c0d6-69f0-499b-97c3-b387dd2157c4\tests\test_t-012.py
2026-05-01 20:13:03,255 | INFO  | agentic | [a7a3c0d6][state] task → in_progress
2026-05-01 20:13:03,257 | INFO  | agentic | [a7a3c0d6][qa] test written · test_t-012.py · 36 lines
2026-05-01 20:13:08,259 | INFO  | agentic | [a7a3c0d6][qa] groq call · model=llama-3.3-70b-versatile temp=0.1
2026-05-01 20:13:10,308 | INFO  | agentic | [a7a3c0d6][qa] groq ok
2026-05-01 20:13:10,311 | INFO  | agentic | [a7a3c0d6][state] task test file set · output_projects\a7a3c0d6-69f0-499b-97c3-b387dd2157c4\tests\test_t-013.py
2026-05-01 20:13:10,316 | INFO  | agentic | [a7a3c0d6][state] task → in_progress
2026-05-01 20:13:10,328 | INFO  | agentic | [a7a3c0d6][qa] test written · test_t-013.py · 24 lines
2026-05-01 20:13:15,320 | INFO  | agentic | [a7a3c0d6][qa] groq call · model=llama-3.3-70b-versatile temp=0.1
2026-05-01 20:13:16,226 | INFO  | agentic | [a7a3c0d6][qa] groq ok
2026-05-01 20:13:16,229 | INFO  | agentic | [a7a3c0d6][state] task test file set · output_projects\a7a3c0d6-69f0-499b-97c3-b387dd2157c4\tests\test_t-014.py
2026-05-01 20:13:16,234 | INFO  | agentic | [a7a3c0d6][state] task → in_progress
2026-05-01 20:13:16,234 | INFO  | agentic | [a7a3c0d6][qa] test written · test_t-014.py · 6 lines
2026-05-01 20:13:21,237 | INFO  | agentic | [a7a3c0d6][qa] qa: 14 failing test files written
2026-05-01 20:13:21,244 | INFO  | agentic | [a7a3c0d6][qa] agent → success
2026-05-01 20:13:21,249 | INFO  | agentic | [a7a3c0d6][coder] agent → running
2026-05-01 20:13:21,264 | INFO  | agentic | [a7a3c0d6][coder] groq call · model=llama-3.3-70b-versatile temp=0.2
2026-05-01 20:13:22,991 | INFO  | agentic | [a7a3c0d6][coder] groq ok
2026-05-01 20:13:23,035 | INFO  | agentic | [a7a3c0d6][state] task code files set · 5 file(s)
2026-05-01 20:13:23,045 | INFO  | agentic | [a7a3c0d6][coder] task t-001 · 5 file(s) written
2026-05-01 20:13:28,043 | INFO  | agentic | [a7a3c0d6][coder] groq call · model=llama-3.3-70b-versatile temp=0.2
2026-05-01 20:13:29,001 | INFO  | agentic | [a7a3c0d6][coder] groq ok
2026-05-01 20:13:29,012 | INFO  | agentic | [a7a3c0d6][state] task code files set · 1 file(s)
2026-05-01 20:13:29,013 | INFO  | agentic | [a7a3c0d6][coder] task t-002 · 1 file(s) written
2026-05-01 20:13:34,020 | INFO  | agentic | [a7a3c0d6][coder] groq call · model=llama-3.3-70b-versatile temp=0.2
2026-05-01 20:13:34,827 | INFO  | agentic | [a7a3c0d6][coder] groq ok
2026-05-01 20:13:34,833 | INFO  | agentic | [a7a3c0d6][state] task code files set · 1 file(s)
2026-05-01 20:13:34,834 | INFO  | agentic | [a7a3c0d6][coder] task t-003 · 1 file(s) written
2026-05-01 20:13:39,841 | INFO  | agentic | [a7a3c0d6][coder] groq call · model=llama-3.3-70b-versatile temp=0.2
2026-05-01 20:13:42,005 | ERROR | agentic | [a7a3c0d6][coder] attempt 1/5 failed: Error code: 400 - {'error': {'message': "Failed to generate JSON. Please adjust your prompt. See 'failed_generation' for more details.", 'type': 'invalid_request_error', 'code': 'json_validate_failed', 'failed_generation': '{\n  "files":[\n      {\n         "path":"url-shortener/backend/routes.py",\n         "content":"from flask import Flask, request, jsonify, redirect, url_for\\nfrom uuid import uuid4\\nfrom datetime import datetime\\nfrom url_shortener.backend.links import get_link, create_link, update_link\\n\\napp = Flask(__name__)\\n\\n@app.route(\'/api/links\', methods=[\'POST\'])\\ndef create_shortened_url():\\n    data = request.get_json()\\n    if \'long_url\' not in data or \'alias\' not in data:\\n        return jsonify({\'error\': \'Missing required fields\'}), 400\\n    link_id = str(uuid4())\\n    link = create_link(data[\'long_url\'], data[\'alias\'], link_id)\\n    return jsonify({\'id\': link_id, \'alias\': data[\'alias\'], \'short_url\': f\'{request.url_root}api/links/{data["alias"]}\'}), 201\\n\\n@app.route(\'/api/links/<alias>\', methods=[\'GET\'])\\ndef redirect_to_original_link(alias):\\n    link = get_link(alias)\\n    if link is None:\\n        return jsonify({\'error\': \'Link not found\'}), 404\\n    update_link(link.id, link.long_url, link.alias, link.hit_count + 1)\\n    return redirect(link.long_url, code=302)\\n\\n@app.route(\'/api/links/<alias>/stats\', methods=[\'GET\'])\\ndef retrieve_hit_count_analytics(alias):\\n    link = get_link(alias)\\n    if link is None:\\n        return jsonify({\'error\': \'Link not found\'}), 404\\n    return jsonify({\'id\': link.id, \'long_url\': link.long_url, \'hit_count\': link.hit_count, \'created_at\': link.created_at})\\n"\n      },\n      {\n         "path":"url-shortener/backend/links.py",\n         "content":"from datetime import datetime\\nfrom uuid import uuid4\\nimport sqlite3\\n\\nclass Link:\\n    def __init__(self, id, long_url, alias, hit_count=0, created_at=None):\\n        self.id = id\\n        self.long_url = long_url\\n        self.alias = alias\\n        self.hit_count = hit_count\\n        self.created_at = created_at if created_at else datetime.now().strftime(\'%Y-%m-%d %H:%M:%S\')\\n\\n    def to_dict(self):\\n        return {\'id\': self.id, \'long_url\': self.long_url, \'alias\': self.alias, \'hit_count\': self.hit_count, \'created_at\': self.created_at}\\n\\nlinks_db = \'links.db\'\\n\\ndef create_link(long_url, alias, link_id):\\n    conn = sqlite3.connect(links_db)\\n    c = conn.cursor()\\n    c.execute(\\"CREATE TABLE IF NOT EXISTS links (id text PRIMARY KEY, long_url text, alias text, hit_count integer, created_at text)\\")\\n    c.execute(\\"INSERT INTO links VALUES (?, ?, ?, ?, ?)\\", (link_id, long_url, alias, 0, datetime.now().strftime(\'%Y-%m-%d %H:%M:%S\')))\\n    conn.commit()\\n    conn.close()\\n    return Link(link_id, long_url, alias)\\n\\ndef get_link(alias):\\n    conn = sqlite3.connect(links_db)\\n    c = conn.cursor()\\n    c.execute(\\"SELECT * FROM links WHERE alias = ?\\", (alias,))\\n    link_data = c.fetchone()\\n    conn.close()\\n    if link_data is None:\\n        return None\\n    return Link(link_data[0], link_data[1], link_data[2], link_data[3], link_data[4])\\n\\ndef update_link(link_id, long_url, alias, hit_count):\\n    conn = sqlite3.connect(links_db)\\n    c = conn.cursor()\\n    c.execute(\\"UPDATE links SET hit_count = ? WHERE id = ?\\", (hit_count, link_id))\\n    conn.commit()\\n    conn.close()"\n      },\n      {\n         "path":"url-shortener/backend/__init__.py",\n         "content":""\n      }\n   ],\n   "rationale":"Implemented API routes for creating shortened URLs, redirecting to original links, and retrieving hit-count analytics."\n}'}}
2026-05-01 20:13:42,014 | ERROR | agentic | [a7a3c0d6][coder] agent → error
2026-05-01 20:14:12,025 | INFO  | agentic | [a7a3c0d6][coder] groq call · model=llama-3.3-70b-versatile temp=0.2
2026-05-01 20:14:13,013 | INFO  | agentic | [a7a3c0d6][coder] groq ok
2026-05-01 20:14:13,026 | INFO  | agentic | [a7a3c0d6][state] task code files set · 4 file(s)
2026-05-01 20:14:13,027 | INFO  | agentic | [a7a3c0d6][coder] task t-001 · 4 file(s) written
2026-05-01 20:14:18,043 | INFO  | agentic | [a7a3c0d6][coder] groq call · model=llama-3.3-70b-versatile temp=0.2
2026-05-01 20:14:18,888 | INFO  | agentic | [a7a3c0d6][coder] groq ok
2026-05-01 20:14:18,893 | INFO  | agentic | [a7a3c0d6][state] task code files set · 1 file(s)
2026-05-01 20:14:18,894 | INFO  | agentic | [a7a3c0d6][coder] task t-002 · 1 file(s) written
2026-05-01 20:14:23,896 | INFO  | agentic | [a7a3c0d6][coder] groq call · model=llama-3.3-70b-versatile temp=0.2
2026-05-01 20:14:24,705 | INFO  | agentic | [a7a3c0d6][coder] groq ok
2026-05-01 20:14:24,711 | INFO  | agentic | [a7a3c0d6][state] task code files set · 1 file(s)
2026-05-01 20:14:24,714 | INFO  | agentic | [a7a3c0d6][coder] task t-003 · 1 file(s) written
2026-05-01 20:14:29,709 | INFO  | agentic | [a7a3c0d6][coder] groq call · model=llama-3.3-70b-versatile temp=0.2
2026-05-01 20:14:33,024 | INFO  | agentic | [a7a3c0d6][coder] groq ok
2026-05-01 20:14:33,043 | INFO  | agentic | [a7a3c0d6][state] task code files set · 2 file(s)
2026-05-01 20:14:33,045 | INFO  | agentic | [a7a3c0d6][coder] task t-004 · 2 file(s) written
2026-05-01 20:14:38,045 | INFO  | agentic | [a7a3c0d6][coder] groq call · model=llama-3.3-70b-versatile temp=0.2
2026-05-01 20:14:38,955 | INFO  | agentic | [a7a3c0d6][coder] groq ok
2026-05-01 20:14:38,965 | INFO  | agentic | [a7a3c0d6][state] task code files set · 2 file(s)
2026-05-01 20:14:38,967 | INFO  | agentic | [a7a3c0d6][coder] task t-005 · 2 file(s) written
2026-05-01 20:14:43,977 | INFO  | agentic | [a7a3c0d6][coder] groq call · model=llama-3.3-70b-versatile temp=0.2
2026-05-01 20:14:44,830 | INFO  | agentic | [a7a3c0d6][coder] groq ok
2026-05-01 20:14:44,837 | INFO  | agentic | [a7a3c0d6][state] task code files set · 1 file(s)
2026-05-01 20:14:44,838 | INFO  | agentic | [a7a3c0d6][coder] task t-006 · 1 file(s) written
2026-05-01 20:14:49,836 | INFO  | agentic | [a7a3c0d6][coder] groq call · model=llama-3.3-70b-versatile temp=0.2
2026-05-01 20:14:50,989 | INFO  | agentic | [a7a3c0d6][coder] groq ok
2026-05-01 20:14:51,000 | INFO  | agentic | [a7a3c0d6][state] task code files set · 1 file(s)
2026-05-01 20:14:51,009 | INFO  | agentic | [a7a3c0d6][coder] task t-007 · 1 file(s) written
2026-05-01 20:14:56,032 | INFO  | agentic | [a7a3c0d6][coder] groq call · model=llama-3.3-70b-versatile temp=0.2
2026-05-01 20:14:56,660 | INFO  | agentic | [a7a3c0d6][coder] groq ok
2026-05-01 20:14:56,666 | INFO  | agentic | [a7a3c0d6][state] task code files set · 1 file(s)
2026-05-01 20:14:56,667 | INFO  | agentic | [a7a3c0d6][coder] task t-008 · 1 file(s) written
2026-05-01 20:15:01,676 | INFO  | agentic | [a7a3c0d6][coder] groq call · model=llama-3.3-70b-versatile temp=0.2
2026-05-01 20:15:03,189 | INFO  | agentic | [a7a3c0d6][coder] groq ok
2026-05-01 20:15:03,195 | INFO  | agentic | [a7a3c0d6][state] task code files set · 1 file(s)
2026-05-01 20:15:03,196 | INFO  | agentic | [a7a3c0d6][coder] task t-009 · 1 file(s) written
2026-05-01 20:15:08,209 | INFO  | agentic | [a7a3c0d6][coder] groq call · model=llama-3.3-70b-versatile temp=0.2
2026-05-01 20:15:09,796 | INFO  | agentic | [a7a3c0d6][coder] groq ok
2026-05-01 20:15:09,805 | INFO  | agentic | [a7a3c0d6][state] task code files set · 2 file(s)
2026-05-01 20:15:09,806 | INFO  | agentic | [a7a3c0d6][coder] task t-010 · 2 file(s) written
2026-05-01 20:15:14,807 | INFO  | agentic | [a7a3c0d6][coder] groq call · model=llama-3.3-70b-versatile temp=0.2
2026-05-01 20:15:16,403 | INFO  | agentic | [a7a3c0d6][coder] groq ok
2026-05-01 20:15:16,414 | INFO  | agentic | [a7a3c0d6][state] task code files set · 2 file(s)
2026-05-01 20:15:16,415 | INFO  | agentic | [a7a3c0d6][coder] task t-011 · 2 file(s) written
2026-05-01 20:15:21,438 | INFO  | agentic | [a7a3c0d6][coder] groq call · model=llama-3.3-70b-versatile temp=0.2
2026-05-01 20:15:22,878 | INFO  | agentic | [a7a3c0d6][coder] groq ok
2026-05-01 20:15:22,891 | INFO  | agentic | [a7a3c0d6][state] task code files set · 3 file(s)
2026-05-01 20:15:22,892 | INFO  | agentic | [a7a3c0d6][coder] task t-012 · 3 file(s) written
2026-05-01 20:15:27,924 | INFO  | agentic | [a7a3c0d6][coder] groq call · model=llama-3.3-70b-versatile temp=0.2
2026-05-01 20:15:28,693 | INFO  | agentic | [a7a3c0d6][coder] groq ok
2026-05-01 20:15:28,698 | INFO  | agentic | [a7a3c0d6][state] task code files set · 1 file(s)
2026-05-01 20:15:28,700 | INFO  | agentic | [a7a3c0d6][coder] task t-013 · 1 file(s) written
2026-05-01 20:15:33,695 | INFO  | agentic | [a7a3c0d6][coder] groq call · model=llama-3.3-70b-versatile temp=0.2
2026-05-01 20:15:34,428 | INFO  | agentic | [a7a3c0d6][coder] groq ok
2026-05-01 20:15:34,441 | INFO  | agentic | [a7a3c0d6][state] task code files set · 2 file(s)
2026-05-01 20:15:34,445 | INFO  | agentic | [a7a3c0d6][coder] task t-014 · 2 file(s) written
2026-05-01 20:15:39,476 | INFO  | agentic | [a7a3c0d6][coder] coder: 24 files across 14 tasks
2026-05-01 20:15:39,482 | INFO  | agentic | [a7a3c0d6][coder] agent → success
2026-05-01 20:15:39,491 | INFO  | agentic | [a7a3c0d6][validator] agent → running
2026-05-01 20:15:39,505 | INFO  | agentic | [a7a3c0d6][validator] agent → skipped
2026-05-01 20:15:39,508 | INFO  | agentic | [a7a3c0d6][validator] skipped (NotImplementedError) — dry-run
2026-05-01 20:15:39,511 | INFO  | agentic | [a7a3c0d6][recovery] agent → running
2026-05-01 20:15:39,523 | INFO  | agentic | [a7a3c0d6][recovery] agent → skipped
2026-05-01 20:15:39,525 | INFO  | agentic | [a7a3c0d6][recovery] skipped (NotImplementedError) — dry-run
2026-05-01 20:15:39,530 | INFO  | agentic | [a7a3c0d6][state] run updated: ['status']
2026-05-01 20:15:39,532 | INFO  | agentic | [a7a3c0d6][orchestrator] pipeline complete
2026-05-02 09:17:32,895 | INFO  | agentic | [2b3bb2d2][state] run created
2026-05-02 09:17:32,915 | INFO  | agentic | [2b3bb2d2][state] run updated: ['status']
2026-05-02 09:17:32,923 | INFO  | agentic | [2b3bb2d2][orchestrator] pipeline start · 7 agents
2026-05-02 09:17:32,935 | INFO  | agentic | [2b3bb2d2][intake] agent → running
2026-05-02 09:17:33,020 | INFO  | agentic | [2b3bb2d2][intake] groq call · model=llama-3.1-8b-instant temp=0.3
2026-05-02 09:17:34,907 | ERROR | agentic | [2b3bb2d2][intake] attempt 1/5 failed: Error code: 401 - {'error': {'message': 'Invalid API Key', 'type': 'invalid_request_error', 'code': 'invalid_api_key'}}
2026-05-02 09:17:34,914 | ERROR | agentic | [2b3bb2d2][intake] agent → error
2026-05-02 09:18:04,934 | INFO  | agentic | [2b3bb2d2][intake] groq call · model=llama-3.1-8b-instant temp=0.3
2026-05-02 09:18:04,993 | ERROR | agentic | [2b3bb2d2][intake] attempt 2/5 failed: Error code: 401 - {'error': {'message': 'Invalid API Key', 'type': 'invalid_request_error', 'code': 'invalid_api_key'}}
2026-05-02 09:18:04,997 | ERROR | agentic | [2b3bb2d2][intake] agent → error
2026-05-02 09:18:34,995 | INFO  | agentic | [2b3bb2d2][intake] groq call · model=llama-3.1-8b-instant temp=0.3
2026-05-02 09:18:35,050 | ERROR | agentic | [2b3bb2d2][intake] attempt 3/5 failed: Error code: 401 - {'error': {'message': 'Invalid API Key', 'type': 'invalid_request_error', 'code': 'invalid_api_key'}}
2026-05-02 09:18:35,053 | ERROR | agentic | [2b3bb2d2][intake] agent → error
2026-05-02 09:19:05,055 | INFO  | agentic | [2b3bb2d2][intake] groq call · model=llama-3.1-8b-instant temp=0.3
2026-05-02 09:19:05,116 | ERROR | agentic | [2b3bb2d2][intake] attempt 4/5 failed: Error code: 401 - {'error': {'message': 'Invalid API Key', 'type': 'invalid_request_error', 'code': 'invalid_api_key'}}
2026-05-02 09:19:05,124 | ERROR | agentic | [2b3bb2d2][intake] agent → error
2026-05-02 09:19:12,620 | INFO  | agentic | [27d317ac][state] run created
2026-05-02 09:19:12,638 | INFO  | agentic | [27d317ac][state] run updated: ['status']
2026-05-02 09:19:12,641 | INFO  | agentic | [27d317ac][orchestrator] pipeline start · 7 agents
2026-05-02 09:19:12,647 | INFO  | agentic | [27d317ac][intake] agent → running
2026-05-02 09:19:12,649 | INFO  | agentic | [27d317ac][intake] groq call · model=llama-3.1-8b-instant temp=0.3
2026-05-02 09:19:12,739 | ERROR | agentic | [27d317ac][intake] attempt 1/5 failed: Error code: 401 - {'error': {'message': 'Invalid API Key', 'type': 'invalid_request_error', 'code': 'invalid_api_key'}}
2026-05-02 09:19:12,746 | ERROR | agentic | [27d317ac][intake] agent → error
2026-05-02 09:19:35,122 | INFO  | agentic | [2b3bb2d2][intake] groq call · model=llama-3.1-8b-instant temp=0.3
2026-05-02 09:19:35,173 | ERROR | agentic | [2b3bb2d2][intake] attempt 5/5 failed: Error code: 401 - {'error': {'message': 'Invalid API Key', 'type': 'invalid_request_error', 'code': 'invalid_api_key'}}
2026-05-02 09:19:35,175 | ERROR | agentic | [2b3bb2d2][intake] agent → error
2026-05-02 09:19:35,176 | ERROR | agentic | [2b3bb2d2][orchestrator] intake exhausted retries — marking run failed
2026-05-02 09:19:35,178 | INFO  | agentic | [2b3bb2d2][state] run updated: ['status']
2026-05-02 09:19:42,751 | INFO  | agentic | [27d317ac][intake] groq call · model=llama-3.1-8b-instant temp=0.3
2026-05-02 09:19:42,799 | ERROR | agentic | [27d317ac][intake] attempt 2/5 failed: Error code: 401 - {'error': {'message': 'Invalid API Key', 'type': 'invalid_request_error', 'code': 'invalid_api_key'}}
2026-05-02 09:19:42,802 | ERROR | agentic | [27d317ac][intake] agent → error
2026-05-02 09:20:12,796 | INFO  | agentic | [27d317ac][intake] groq call · model=llama-3.1-8b-instant temp=0.3
2026-05-02 09:20:12,857 | ERROR | agentic | [27d317ac][intake] attempt 3/5 failed: Error code: 401 - {'error': {'message': 'Invalid API Key', 'type': 'invalid_request_error', 'code': 'invalid_api_key'}}
2026-05-02 09:20:12,860 | ERROR | agentic | [27d317ac][intake] agent → error
2026-05-02 09:20:28,998 | INFO  | agentic | [27d317ac][orchestrator] run cancelled
2026-05-02 09:21:10,948 | INFO  | agentic | [b3733285][state] run created
2026-05-02 09:21:11,006 | INFO  | agentic | [b3733285][state] run updated: ['status']
2026-05-02 09:21:11,010 | INFO  | agentic | [b3733285][orchestrator] pipeline start · 7 agents
2026-05-02 09:21:11,019 | INFO  | agentic | [b3733285][intake] agent → running
2026-05-02 09:21:11,027 | INFO  | agentic | [b3733285][intake] groq call · model=llama-3.1-8b-instant temp=0.3
2026-05-02 09:21:12,950 | INFO  | agentic | [b3733285][intake] groq ok
2026-05-02 09:21:12,957 | INFO  | agentic | [b3733285][state] specification stored
2026-05-02 09:21:12,963 | INFO  | agentic | [b3733285][state] run updated: ['status']
2026-05-02 09:21:12,967 | INFO  | agentic | [b3733285][intake] awaiting 2 clarification(s)
2026-05-02 09:21:12,975 | INFO  | agentic | [b3733285][intake] agent → running
2026-05-02 09:21:12,978 | INFO  | agentic | [b3733285][orchestrator] pipeline paused — intake awaiting user input
2026-05-02 09:21:43,346 | INFO  | agentic | [b3733285][state] specification stored
2026-05-02 09:21:43,351 | INFO  | agentic | [b3733285][intake] agent → idle
2026-05-02 09:21:43,354 | INFO  | agentic | [b3733285][state] run updated: ['status']
2026-05-02 09:21:43,358 | INFO  | agentic | [b3733285][intake] received 2 answer(s) — resuming
2026-05-02 09:21:43,364 | INFO  | agentic | [b3733285][state] run updated: ['status']
2026-05-02 09:21:43,366 | INFO  | agentic | [b3733285][orchestrator] pipeline start · 7 agents
2026-05-02 09:21:43,371 | INFO  | agentic | [b3733285][intake] agent → running
2026-05-02 09:21:43,373 | INFO  | agentic | [b3733285][intake] groq call · model=llama-3.1-8b-instant temp=0.3
2026-05-02 09:21:47,983 | INFO  | agentic | [b3733285][intake] groq ok
2026-05-02 09:21:47,990 | INFO  | agentic | [b3733285][state] specification stored
2026-05-02 09:21:47,993 | INFO  | agentic | [b3733285][intake] spec ready · 7th-heaven-bakery · 0 features
2026-05-02 09:21:48,001 | INFO  | agentic | [b3733285][intake] agent → success
2026-05-02 09:21:48,009 | INFO  | agentic | [b3733285][architect] agent → running
2026-05-02 09:21:48,067 | INFO  | agentic | [b3733285][architect] groq call · model=llama-3.1-8b-instant temp=0.2
2026-05-02 09:21:50,469 | INFO  | agentic | [b3733285][architect] groq ok
2026-05-02 09:21:50,476 | INFO  | agentic | [b3733285][state] architecture stored
2026-05-02 09:21:50,479 | INFO  | agentic | [b3733285][architect] arch: 3 APIs · 3 tables · 4 modules
2026-05-02 09:21:50,489 | INFO  | agentic | [b3733285][architect] agent → success
2026-05-02 09:21:50,495 | INFO  | agentic | [b3733285][planner] agent → running
2026-05-02 09:21:50,536 | INFO  | agentic | [b3733285][planner] groq call · model=llama-3.1-8b-instant temp=0.2
2026-05-02 09:22:22,196 | INFO  | agentic | [b3733285][planner] groq ok
2026-05-02 09:22:22,204 | INFO  | agentic | [b3733285][state] task added · Create project structure
2026-05-02 09:22:22,212 | INFO  | agentic | [b3733285][state] task added · Create backend directory
2026-05-02 09:22:22,220 | INFO  | agentic | [b3733285][state] task added · Create frontend directory
2026-05-02 09:22:22,231 | INFO  | agentic | [b3733285][state] task added · Create database schema
2026-05-02 09:22:22,239 | INFO  | agentic | [b3733285][state] task added · Create models for orders, menu items, and orders items
2026-05-02 09:22:22,247 | INFO  | agentic | [b3733285][state] task added · Create API endpoints for menu and orders
2026-05-02 09:22:22,256 | INFO  | agentic | [b3733285][state] task added · Implement menu CRUD operations
2026-05-02 09:22:22,265 | INFO  | agentic | [b3733285][state] task added · Implement orders CRUD operations
2026-05-02 09:22:22,277 | INFO  | agentic | [b3733285][state] task added · Implement payment processing
2026-05-02 09:22:22,286 | INFO  | agentic | [b3733285][state] task added · Implement authentication
2026-05-02 09:22:22,295 | INFO  | agentic | [b3733285][state] task added · Create frontend JavaScript code
2026-05-02 09:22:22,303 | INFO  | agentic | [b3733285][state] task added · Create frontend HTML code
2026-05-02 09:22:22,311 | INFO  | agentic | [b3733285][state] task added · Implement API client for frontend
2026-05-02 09:22:22,318 | INFO  | agentic | [b3733285][state] task added · Implement payment gateway integration
2026-05-02 09:22:22,320 | INFO  | agentic | [b3733285][planner] plan: 14 atomic tasks
2026-05-02 09:22:22,328 | INFO  | agentic | [b3733285][planner] agent → success
2026-05-02 09:22:22,334 | INFO  | agentic | [b3733285][qa] agent → running
2026-05-02 09:22:22,376 | INFO  | agentic | [b3733285][state] run updated: ['output_dir']
2026-05-02 09:22:22,380 | INFO  | agentic | [b3733285][qa] groq call · model=llama-3.3-70b-versatile temp=0.1
2026-05-02 09:22:24,411 | INFO  | agentic | [b3733285][qa] groq ok
2026-05-02 09:22:24,424 | INFO  | agentic | [b3733285][state] task test file set · output_projects\b3733285-4540-4bb3-9b97-c6ca2be04577\tests\test_t-001.py
2026-05-02 09:22:24,432 | INFO  | agentic | [b3733285][state] task → in_progress
2026-05-02 09:22:24,436 | INFO  | agentic | [b3733285][qa] test written · test_t-001.py · 21 lines
2026-05-02 09:22:29,443 | INFO  | agentic | [b3733285][qa] groq call · model=llama-3.3-70b-versatile temp=0.1
2026-05-02 09:22:30,201 | INFO  | agentic | [b3733285][qa] groq ok
2026-05-02 09:22:30,209 | INFO  | agentic | [b3733285][state] task test file set · output_projects\b3733285-4540-4bb3-9b97-c6ca2be04577\tests\test_t-002.py
2026-05-02 09:22:30,216 | INFO  | agentic | [b3733285][state] task → in_progress
2026-05-02 09:22:30,219 | INFO  | agentic | [b3733285][qa] test written · test_t-002.py · 24 lines
2026-05-02 09:22:35,228 | INFO  | agentic | [b3733285][qa] groq call · model=llama-3.3-70b-versatile temp=0.1
2026-05-02 09:22:36,101 | INFO  | agentic | [b3733285][qa] groq ok
2026-05-02 09:22:36,110 | INFO  | agentic | [b3733285][state] task test file set · output_projects\b3733285-4540-4bb3-9b97-c6ca2be04577\tests\test_t-003.py
2026-05-02 09:22:36,117 | INFO  | agentic | [b3733285][state] task → in_progress
2026-05-02 09:22:36,119 | INFO  | agentic | [b3733285][qa] test written · test_t-003.py · 21 lines
2026-05-02 09:22:41,113 | INFO  | agentic | [b3733285][qa] groq call · model=llama-3.3-70b-versatile temp=0.1
2026-05-02 09:22:52,427 | INFO  | agentic | [b3733285][qa] groq ok
2026-05-02 09:22:52,430 | ERROR | agentic | [b3733285][qa] attempt 1/5 failed: qa: empty code for task t-004
2026-05-02 09:22:52,440 | ERROR | agentic | [b3733285][qa] agent → error
2026-05-02 09:23:22,456 | INFO  | agentic | [b3733285][state] run updated: ['output_dir']
2026-05-02 09:23:22,460 | INFO  | agentic | [b3733285][qa] groq call · model=llama-3.3-70b-versatile temp=0.1
2026-05-02 09:23:23,494 | INFO  | agentic | [b3733285][qa] groq ok
2026-05-02 09:23:23,497 | ERROR | agentic | [b3733285][qa] attempt 2/5 failed: qa: empty code for task t-001
2026-05-02 09:23:23,505 | ERROR | agentic | [b3733285][qa] agent → error
2026-05-02 09:23:53,517 | INFO  | agentic | [b3733285][state] run updated: ['output_dir']
2026-05-02 09:23:53,522 | INFO  | agentic | [b3733285][qa] groq call · model=llama-3.3-70b-versatile temp=0.1
2026-05-02 09:23:54,391 | INFO  | agentic | [b3733285][qa] groq ok
2026-05-02 09:23:54,394 | ERROR | agentic | [b3733285][qa] attempt 3/5 failed: qa: empty code for task t-001
2026-05-02 09:23:54,404 | ERROR | agentic | [b3733285][qa] agent → error
2026-05-02 09:24:24,415 | INFO  | agentic | [b3733285][state] run updated: ['output_dir']
2026-05-02 09:24:24,416 | INFO  | agentic | [b3733285][qa] groq call · model=llama-3.3-70b-versatile temp=0.1
2026-05-02 09:24:25,616 | INFO  | agentic | [b3733285][qa] groq ok
2026-05-02 09:24:25,619 | ERROR | agentic | [b3733285][qa] attempt 4/5 failed: qa: empty code for task t-001
2026-05-02 09:24:25,627 | ERROR | agentic | [b3733285][qa] agent → error
2026-05-02 09:24:55,639 | INFO  | agentic | [b3733285][state] run updated: ['output_dir']
2026-05-02 09:24:55,642 | INFO  | agentic | [b3733285][qa] groq call · model=llama-3.3-70b-versatile temp=0.1
2026-05-02 09:24:56,498 | INFO  | agentic | [b3733285][qa] groq ok
2026-05-02 09:24:56,500 | ERROR | agentic | [b3733285][qa] attempt 5/5 failed: qa: empty code for task t-001
2026-05-02 09:24:56,508 | ERROR | agentic | [b3733285][qa] agent → error
2026-05-02 09:24:56,511 | ERROR | agentic | [b3733285][orchestrator] qa exhausted retries — marking run failed
2026-05-02 09:24:56,518 | INFO  | agentic | [b3733285][state] run updated: ['status']
2026-05-02 09:27:49,450 | INFO  | agentic | [61e9149a][state] run created
2026-05-02 09:27:49,471 | INFO  | agentic | [61e9149a][state] run updated: ['status']
2026-05-02 09:27:49,477 | INFO  | agentic | [61e9149a][orchestrator] pipeline start · 7 agents
2026-05-02 09:27:49,485 | INFO  | agentic | [61e9149a][intake] agent → running
2026-05-02 09:27:49,494 | INFO  | agentic | [61e9149a][intake] groq call · model=llama-3.1-8b-instant temp=0.3
2026-05-02 09:27:51,574 | INFO  | agentic | [61e9149a][intake] groq ok
2026-05-02 09:27:51,578 | INFO  | agentic | [61e9149a][state] specification stored
2026-05-02 09:27:51,581 | INFO  | agentic | [61e9149a][state] run updated: ['status']
2026-05-02 09:27:51,584 | INFO  | agentic | [61e9149a][intake] awaiting 3 clarification(s)
2026-05-02 09:27:51,590 | INFO  | agentic | [61e9149a][intake] agent → running
2026-05-02 09:27:51,592 | INFO  | agentic | [61e9149a][orchestrator] pipeline paused — intake awaiting user input
2026-05-02 09:28:41,017 | INFO  | agentic | [61e9149a][state] specification stored
2026-05-02 09:28:41,031 | INFO  | agentic | [61e9149a][intake] agent → idle
2026-05-02 09:28:41,043 | INFO  | agentic | [61e9149a][state] run updated: ['status']
2026-05-02 09:28:41,048 | INFO  | agentic | [61e9149a][intake] received 3 answer(s) — resuming
2026-05-02 09:28:41,057 | INFO  | agentic | [61e9149a][state] run updated: ['status']
2026-05-02 09:28:41,060 | INFO  | agentic | [61e9149a][orchestrator] pipeline start · 7 agents
2026-05-02 09:28:41,064 | INFO  | agentic | [61e9149a][intake] agent → running
2026-05-02 09:28:41,068 | INFO  | agentic | [61e9149a][intake] groq call · model=llama-3.1-8b-instant temp=0.3
2026-05-02 09:28:41,420 | INFO  | agentic | [61e9149a][intake] groq ok
2026-05-02 09:28:41,425 | INFO  | agentic | [61e9149a][state] specification stored
2026-05-02 09:28:41,431 | INFO  | agentic | [61e9149a][state] run updated: ['status']
2026-05-02 09:28:41,433 | INFO  | agentic | [61e9149a][intake] awaiting 2 clarification(s)
2026-05-02 09:28:41,440 | INFO  | agentic | [61e9149a][intake] agent → running
2026-05-02 09:28:41,443 | INFO  | agentic | [61e9149a][orchestrator] pipeline paused — intake awaiting user input
2026-05-02 09:29:21,304 | INFO  | agentic | [61e9149a][state] specification stored
2026-05-02 09:29:21,315 | INFO  | agentic | [61e9149a][intake] agent → idle
2026-05-02 09:29:21,324 | INFO  | agentic | [61e9149a][state] run updated: ['status']
2026-05-02 09:29:21,327 | INFO  | agentic | [61e9149a][intake] received 2 answer(s) — resuming
2026-05-02 09:29:21,334 | INFO  | agentic | [61e9149a][state] run updated: ['status']
2026-05-02 09:29:21,338 | INFO  | agentic | [61e9149a][orchestrator] pipeline start · 7 agents
2026-05-02 09:29:21,343 | INFO  | agentic | [61e9149a][intake] agent → running
2026-05-02 09:29:21,346 | INFO  | agentic | [61e9149a][intake] groq call · model=llama-3.1-8b-instant temp=0.3
2026-05-02 09:29:21,664 | INFO  | agentic | [61e9149a][intake] groq ok
2026-05-02 09:29:21,672 | INFO  | agentic | [61e9149a][state] specification stored
2026-05-02 09:29:21,676 | INFO  | agentic | [61e9149a][intake] spec ready · bakery-website · 3 features
2026-05-02 09:29:21,680 | INFO  | agentic | [61e9149a][intake] agent → success
2026-05-02 09:29:21,686 | INFO  | agentic | [61e9149a][architect] agent → running
2026-05-02 09:29:21,693 | INFO  | agentic | [61e9149a][architect] groq call · model=llama-3.1-8b-instant temp=0.2
2026-05-02 09:29:28,461 | INFO  | agentic | [61e9149a][architect] groq ok
2026-05-02 09:29:28,469 | INFO  | agentic | [61e9149a][state] architecture stored
2026-05-02 09:29:28,473 | INFO  | agentic | [61e9149a][architect] arch: 3 APIs · 3 tables · 4 modules
2026-05-02 09:29:28,482 | INFO  | agentic | [61e9149a][architect] agent → success
2026-05-02 09:29:28,490 | INFO  | agentic | [61e9149a][planner] agent → running
2026-05-02 09:29:28,495 | INFO  | agentic | [61e9149a][planner] groq call · model=llama-3.1-8b-instant temp=0.2
2026-05-02 09:30:00,326 | INFO  | agentic | [61e9149a][planner] groq ok
2026-05-02 09:30:00,334 | INFO  | agentic | [61e9149a][state] task added · Create database schema
2026-05-02 09:30:00,342 | INFO  | agentic | [61e9149a][state] task added · Implement database models
2026-05-02 09:30:00,349 | INFO  | agentic | [61e9149a][state] task added · Implement API routes for menu
2026-05-02 09:30:00,357 | INFO  | agentic | [61e9149a][state] task added · Implement API routes for reviews
2026-05-02 09:30:00,364 | INFO  | agentic | [61e9149a][state] task added · Implement API routes for orders
2026-05-02 09:30:00,371 | INFO  | agentic | [61e9149a][state] task added · Implement menu component
2026-05-02 09:30:00,379 | INFO  | agentic | [61e9149a][state] task added · Implement review component
2026-05-02 09:30:00,389 | INFO  | agentic | [61e9149a][state] task added · Implement home page
2026-05-02 09:30:00,396 | INFO  | agentic | [61e9149a][state] task added · Implement menu page
2026-05-02 09:30:00,403 | INFO  | agentic | [61e9149a][state] task added · Implement reviews page
2026-05-02 09:30:00,411 | INFO  | agentic | [61e9149a][state] task added · Implement API client
2026-05-02 09:30:00,422 | INFO  | agentic | [61e9149a][state] task added · Implement online ordering feature
2026-05-02 09:30:00,425 | INFO  | agentic | [61e9149a][planner] plan: 12 atomic tasks
2026-05-02 09:30:00,432 | INFO  | agentic | [61e9149a][planner] agent → success
2026-05-02 09:30:00,440 | INFO  | agentic | [61e9149a][qa] agent → running
2026-05-02 09:30:00,468 | INFO  | agentic | [61e9149a][state] run updated: ['output_dir']
2026-05-02 09:30:00,474 | INFO  | agentic | [61e9149a][qa] groq call · model=llama-3.3-70b-versatile temp=0.1
2026-05-02 09:30:02,987 | INFO  | agentic | [61e9149a][qa] groq ok
2026-05-02 09:30:03,017 | INFO  | agentic | [61e9149a][state] task test file set · output_projects\61e9149a-a065-4182-a003-f141c48ca37d\tests\test_t-001.py
2026-05-02 09:30:03,026 | INFO  | agentic | [61e9149a][state] task → in_progress
2026-05-02 09:30:03,029 | INFO  | agentic | [61e9149a][qa] test written · test_t-001.py · 36 lines
2026-05-02 09:30:08,050 | INFO  | agentic | [61e9149a][qa] groq call · model=llama-3.3-70b-versatile temp=0.1
2026-05-02 09:30:09,285 | INFO  | agentic | [61e9149a][qa] groq ok
2026-05-02 09:30:09,298 | INFO  | agentic | [61e9149a][state] task test file set · output_projects\61e9149a-a065-4182-a003-f141c48ca37d\tests\test_t-002.py
2026-05-02 09:30:09,309 | INFO  | agentic | [61e9149a][state] task → in_progress
2026-05-02 09:30:09,313 | INFO  | agentic | [61e9149a][qa] test written · test_t-002.py · 35 lines
2026-05-02 09:30:14,329 | INFO  | agentic | [61e9149a][qa] groq call · model=llama-3.3-70b-versatile temp=0.1
2026-05-02 09:30:15,316 | INFO  | agentic | [61e9149a][qa] groq ok
2026-05-02 09:30:15,329 | INFO  | agentic | [61e9149a][state] task test file set · output_projects\61e9149a-a065-4182-a003-f141c48ca37d\tests\test_t-003.py
2026-05-02 09:30:15,341 | INFO  | agentic | [61e9149a][state] task → in_progress
2026-05-02 09:30:15,344 | INFO  | agentic | [61e9149a][qa] test written · test_t-003.py · 33 lines
2026-05-02 09:30:20,360 | INFO  | agentic | [61e9149a][qa] groq call · model=llama-3.3-70b-versatile temp=0.1
2026-05-02 09:30:21,470 | INFO  | agentic | [61e9149a][qa] groq ok
2026-05-02 09:30:21,481 | INFO  | agentic | [61e9149a][state] task test file set · output_projects\61e9149a-a065-4182-a003-f141c48ca37d\tests\test_t-004.py
2026-05-02 09:30:21,487 | INFO  | agentic | [61e9149a][state] task → in_progress
2026-05-02 09:30:21,491 | INFO  | agentic | [61e9149a][qa] test written · test_t-004.py · 43 lines
2026-05-02 09:30:26,495 | INFO  | agentic | [61e9149a][qa] groq call · model=llama-3.3-70b-versatile temp=0.1
2026-05-02 09:30:41,847 | INFO  | agentic | [61e9149a][qa] groq ok
2026-05-02 09:30:41,853 | INFO  | agentic | [61e9149a][state] task test file set · output_projects\61e9149a-a065-4182-a003-f141c48ca37d\tests\test_t-005.py
2026-05-02 09:30:41,861 | INFO  | agentic | [61e9149a][state] task → in_progress
2026-05-02 09:30:41,866 | INFO  | agentic | [61e9149a][qa] test written · test_t-005.py · 45 lines
2026-05-02 09:30:46,896 | INFO  | agentic | [61e9149a][qa] groq call · model=llama-3.3-70b-versatile temp=0.1
2026-05-02 09:30:50,965 | INFO  | agentic | [61e9149a][qa] groq ok
2026-05-02 09:30:50,976 | INFO  | agentic | [61e9149a][state] task test file set · output_projects\61e9149a-a065-4182-a003-f141c48ca37d\tests\test_t-006.py
2026-05-02 09:30:50,986 | INFO  | agentic | [61e9149a][state] task → in_progress
2026-05-02 09:30:50,994 | INFO  | agentic | [61e9149a][qa] test written · test_t-006.py · 32 lines
2026-05-02 09:30:56,004 | INFO  | agentic | [61e9149a][qa] groq call · model=llama-3.3-70b-versatile temp=0.1
2026-05-02 09:30:58,029 | INFO  | agentic | [61e9149a][qa] groq ok
2026-05-02 09:30:58,040 | INFO  | agentic | [61e9149a][state] task test file set · output_projects\61e9149a-a065-4182-a003-f141c48ca37d\tests\test_t-007.py
2026-05-02 09:30:58,052 | INFO  | agentic | [61e9149a][state] task → in_progress
2026-05-02 09:30:58,054 | INFO  | agentic | [61e9149a][qa] test written · test_t-007.py · 27 lines
2026-05-02 09:31:03,083 | INFO  | agentic | [61e9149a][qa] groq call · model=llama-3.3-70b-versatile temp=0.1
2026-05-02 09:31:05,562 | INFO  | agentic | [61e9149a][qa] groq ok
2026-05-02 09:31:05,577 | INFO  | agentic | [61e9149a][state] task test file set · output_projects\61e9149a-a065-4182-a003-f141c48ca37d\tests\test_t-008.py
2026-05-02 09:31:05,596 | INFO  | agentic | [61e9149a][state] task → in_progress
2026-05-02 09:31:05,600 | INFO  | agentic | [61e9149a][qa] test written · test_t-008.py · 55 lines
2026-05-02 09:31:10,620 | INFO  | agentic | [61e9149a][qa] groq call · model=llama-3.3-70b-versatile temp=0.1
2026-05-02 09:31:13,697 | INFO  | agentic | [61e9149a][qa] groq ok
2026-05-02 09:31:13,713 | INFO  | agentic | [61e9149a][state] task test file set · output_projects\61e9149a-a065-4182-a003-f141c48ca37d\tests\test_t-009.py
2026-05-02 09:31:13,721 | INFO  | agentic | [61e9149a][state] task → in_progress
2026-05-02 09:31:13,725 | INFO  | agentic | [61e9149a][qa] test written · test_t-009.py · 31 lines
2026-05-02 09:31:18,757 | INFO  | agentic | [61e9149a][qa] groq call · model=llama-3.3-70b-versatile temp=0.1
2026-05-02 09:31:21,173 | INFO  | agentic | [61e9149a][qa] groq ok
2026-05-02 09:31:21,184 | INFO  | agentic | [61e9149a][state] task test file set · output_projects\61e9149a-a065-4182-a003-f141c48ca37d\tests\test_t-010.py
2026-05-02 09:31:21,194 | INFO  | agentic | [61e9149a][state] task → in_progress
2026-05-02 09:31:21,196 | INFO  | agentic | [61e9149a][qa] test written · test_t-010.py · 52 lines
2026-05-02 09:31:26,217 | INFO  | agentic | [61e9149a][qa] groq call · model=llama-3.3-70b-versatile temp=0.1
2026-05-02 09:31:29,756 | INFO  | agentic | [61e9149a][qa] groq ok
2026-05-02 09:31:29,768 | INFO  | agentic | [61e9149a][state] task test file set · output_projects\61e9149a-a065-4182-a003-f141c48ca37d\tests\test_t-011.py
2026-05-02 09:31:29,776 | INFO  | agentic | [61e9149a][state] task → in_progress
2026-05-02 09:31:29,777 | INFO  | agentic | [61e9149a][qa] test written · test_t-011.py · 57 lines
2026-05-02 09:31:34,776 | INFO  | agentic | [61e9149a][qa] groq call · model=llama-3.3-70b-versatile temp=0.1
2026-05-02 09:31:36,953 | INFO  | agentic | [61e9149a][qa] groq ok
2026-05-02 09:31:36,959 | INFO  | agentic | [61e9149a][state] task test file set · output_projects\61e9149a-a065-4182-a003-f141c48ca37d\tests\test_t-012.py
2026-05-02 09:31:36,964 | INFO  | agentic | [61e9149a][state] task → in_progress
2026-05-02 09:31:36,965 | INFO  | agentic | [61e9149a][qa] test written · test_t-012.py · 27 lines
2026-05-02 09:31:41,965 | INFO  | agentic | [61e9149a][qa] qa: 12 failing test files written
2026-05-02 09:31:41,971 | INFO  | agentic | [61e9149a][qa] agent → success
2026-05-02 09:31:41,978 | INFO  | agentic | [61e9149a][coder] agent → running
2026-05-02 09:31:42,050 | INFO  | agentic | [61e9149a][coder] groq call · model=llama-3.3-70b-versatile temp=0.2
2026-05-02 09:31:44,149 | INFO  | agentic | [61e9149a][coder] groq ok
2026-05-02 09:31:44,164 | INFO  | agentic | [61e9149a][state] task code files set · 1 file(s)
2026-05-02 09:31:44,166 | INFO  | agentic | [61e9149a][coder] task t-001 · 1 file(s) written
2026-05-02 09:31:49,193 | INFO  | agentic | [61e9149a][coder] groq call · model=llama-3.3-70b-versatile temp=0.2
2026-05-02 09:31:50,258 | INFO  | agentic | [61e9149a][coder] groq ok
2026-05-02 09:31:50,278 | INFO  | agentic | [61e9149a][state] task code files set · 1 file(s)
2026-05-02 09:31:50,283 | INFO  | agentic | [61e9149a][coder] task t-002 · 1 file(s) written
2026-05-02 09:31:55,295 | INFO  | agentic | [61e9149a][coder] groq call · model=llama-3.3-70b-versatile temp=0.2
2026-05-02 09:31:56,203 | INFO  | agentic | [61e9149a][coder] groq ok
2026-05-02 09:31:56,223 | INFO  | agentic | [61e9149a][state] task code files set · 1 file(s)
2026-05-02 09:31:56,229 | INFO  | agentic | [61e9149a][coder] task t-003 · 1 file(s) written
2026-05-02 09:32:01,246 | INFO  | agentic | [61e9149a][coder] groq call · model=llama-3.3-70b-versatile temp=0.2
2026-05-02 09:32:02,341 | INFO  | agentic | [61e9149a][coder] groq ok
2026-05-02 09:32:02,356 | INFO  | agentic | [61e9149a][state] task code files set · 1 file(s)
2026-05-02 09:32:02,360 | INFO  | agentic | [61e9149a][coder] task t-004 · 1 file(s) written
2026-05-02 09:32:07,379 | INFO  | agentic | [61e9149a][coder] groq call · model=llama-3.3-70b-versatile temp=0.2
2026-05-02 09:32:08,331 | INFO  | agentic | [61e9149a][coder] groq ok
2026-05-02 09:32:08,365 | INFO  | agentic | [61e9149a][state] task code files set · 1 file(s)
2026-05-02 09:32:08,377 | INFO  | agentic | [61e9149a][coder] task t-005 · 1 file(s) written
2026-05-02 09:32:13,384 | INFO  | agentic | [61e9149a][coder] groq call · model=llama-3.3-70b-versatile temp=0.2
2026-05-02 09:32:14,027 | INFO  | agentic | [61e9149a][coder] groq ok
2026-05-02 09:32:14,045 | INFO  | agentic | [61e9149a][state] task code files set · 1 file(s)
2026-05-02 09:32:14,048 | INFO  | agentic | [61e9149a][coder] task t-006 · 1 file(s) written
2026-05-02 09:32:19,050 | INFO  | agentic | [61e9149a][coder] groq call · model=llama-3.3-70b-versatile temp=0.2
2026-05-02 09:32:19,671 | INFO  | agentic | [61e9149a][coder] groq ok
2026-05-02 09:32:19,687 | INFO  | agentic | [61e9149a][state] task code files set · 1 file(s)
2026-05-02 09:32:19,691 | INFO  | agentic | [61e9149a][coder] task t-007 · 1 file(s) written
2026-05-02 09:32:24,690 | INFO  | agentic | [61e9149a][coder] groq call · model=llama-3.3-70b-versatile temp=0.2
2026-05-02 09:32:25,360 | INFO  | agentic | [61e9149a][coder] groq ok
2026-05-02 09:32:25,383 | INFO  | agentic | [61e9149a][state] task code files set · 1 file(s)
2026-05-02 09:32:25,389 | INFO  | agentic | [61e9149a][coder] task t-008 · 1 file(s) written
2026-05-02 09:32:30,397 | INFO  | agentic | [61e9149a][coder] groq call · model=llama-3.3-70b-versatile temp=0.2
2026-05-02 09:32:31,040 | INFO  | agentic | [61e9149a][coder] groq ok
2026-05-02 09:32:31,057 | INFO  | agentic | [61e9149a][state] task code files set · 1 file(s)
2026-05-02 09:32:31,060 | INFO  | agentic | [61e9149a][coder] task t-009 · 1 file(s) written
2026-05-02 09:32:36,073 | INFO  | agentic | [61e9149a][coder] groq call · model=llama-3.3-70b-versatile temp=0.2
2026-05-02 09:32:36,854 | INFO  | agentic | [61e9149a][coder] groq ok
2026-05-02 09:32:36,869 | INFO  | agentic | [61e9149a][state] task code files set · 1 file(s)
2026-05-02 09:32:36,872 | INFO  | agentic | [61e9149a][coder] task t-010 · 1 file(s) written
2026-05-02 09:32:41,877 | INFO  | agentic | [61e9149a][coder] groq call · model=llama-3.3-70b-versatile temp=0.2
2026-05-02 09:32:42,901 | INFO  | agentic | [61e9149a][coder] groq ok
2026-05-02 09:32:42,918 | INFO  | agentic | [61e9149a][state] task code files set · 1 file(s)
2026-05-02 09:32:42,925 | INFO  | agentic | [61e9149a][coder] task t-011 · 1 file(s) written
2026-05-02 09:32:47,938 | INFO  | agentic | [61e9149a][coder] groq call · model=llama-3.3-70b-versatile temp=0.2
2026-05-02 09:32:48,631 | INFO  | agentic | [61e9149a][coder] groq ok
2026-05-02 09:32:48,645 | INFO  | agentic | [61e9149a][state] task code files set · 1 file(s)
2026-05-02 09:32:48,650 | INFO  | agentic | [61e9149a][coder] task t-012 · 1 file(s) written
2026-05-02 09:32:53,671 | INFO  | agentic | [61e9149a][coder] coder: 12 files across 12 tasks
2026-05-02 09:32:53,675 | INFO  | agentic | [61e9149a][coder] agent → success
2026-05-02 09:32:53,679 | INFO  | agentic | [61e9149a][validator] agent → running
2026-05-02 09:32:53,703 | INFO  | agentic | [61e9149a][validator] agent → skipped
2026-05-02 09:32:53,706 | INFO  | agentic | [61e9149a][validator] skipped (NotImplementedError) — dry-run
2026-05-02 09:32:53,710 | INFO  | agentic | [61e9149a][recovery] agent → running
2026-05-02 09:32:53,731 | INFO  | agentic | [61e9149a][recovery] agent → skipped
2026-05-02 09:32:53,735 | INFO  | agentic | [61e9149a][recovery] skipped (NotImplementedError) — dry-run
2026-05-02 09:32:53,739 | INFO  | agentic | [61e9149a][state] run updated: ['status']
2026-05-02 09:32:53,741 | INFO  | agentic | [61e9149a][orchestrator] pipeline complete
2026-05-02 09:50:44,565 | INFO  | agentic | [ef9a5d4d][state] run created
2026-05-02 09:50:44,584 | INFO  | agentic | [ef9a5d4d][state] run updated: ['status']
2026-05-02 09:50:44,588 | INFO  | agentic | [ef9a5d4d][orchestrator] pipeline start · 7 agents
2026-05-02 09:50:44,594 | INFO  | agentic | [ef9a5d4d][intake] agent → running
2026-05-02 09:50:44,598 | INFO  | agentic | [ef9a5d4d][intake] groq call · model=llama-3.1-8b-instant temp=0.3
2026-05-02 09:50:47,372 | INFO  | agentic | [ef9a5d4d][intake] groq ok
2026-05-02 09:50:47,380 | INFO  | agentic | [ef9a5d4d][state] specification stored
2026-05-02 09:50:47,383 | INFO  | agentic | [ef9a5d4d][intake] spec ready · 7th-heaven-bakery · 4 features
2026-05-02 09:50:47,389 | INFO  | agentic | [ef9a5d4d][intake] agent → success
2026-05-02 09:50:47,396 | INFO  | agentic | [ef9a5d4d][architect] agent → running
2026-05-02 09:50:47,407 | INFO  | agentic | [ef9a5d4d][architect] groq call · model=llama-3.1-8b-instant temp=0.2
2026-05-02 09:51:27,686 | INFO  | agentic | [ef9a5d4d][architect] groq ok
2026-05-02 09:51:27,693 | INFO  | agentic | [ef9a5d4d][state] architecture stored
2026-05-02 09:51:27,700 | INFO  | agentic | [ef9a5d4d][architect] arch: 0 APIs · 0 tables · 0 modules
2026-05-02 09:51:27,706 | INFO  | agentic | [ef9a5d4d][architect] agent → success
2026-05-02 09:51:27,713 | INFO  | agentic | [ef9a5d4d][planner] agent → running
2026-05-02 09:51:27,724 | INFO  | agentic | [ef9a5d4d][planner] groq call · model=llama-3.1-8b-instant temp=0.2
2026-05-02 09:52:22,164 | INFO  | agentic | [ef9a5d4d][planner] groq ok
2026-05-02 09:52:22,173 | INFO  | agentic | [ef9a5d4d][state] task added · Create project directory
2026-05-02 09:52:22,182 | INFO  | agentic | [ef9a5d4d][state] task added · Create public/index.html
2026-05-02 09:52:22,190 | INFO  | agentic | [ef9a5d4d][state] task added · Create public/favicon.ico
2026-05-02 09:52:22,198 | INFO  | agentic | [ef9a5d4d][state] task added · Create src/App.js
2026-05-02 09:52:22,206 | INFO  | agentic | [ef9a5d4d][state] task added · Create src/components/HeroSection.js
2026-05-02 09:52:22,214 | INFO  | agentic | [ef9a5d4d][state] task added · Create src/components/MenuSection.js
2026-05-02 09:52:22,220 | INFO  | agentic | [ef9a5d4d][state] task added · Create src/components/ReviewsSection.js
2026-05-02 09:52:22,229 | INFO  | agentic | [ef9a5d4d][state] task added · Create src/components/OrderForm.js
2026-05-02 09:52:22,237 | INFO  | agentic | [ef9a5d4d][state] task added · Create src/styles/App.css
2026-05-02 09:52:22,248 | INFO  | agentic | [ef9a5d4d][state] task added · Create src/styles/HeroSection.css
2026-05-02 09:52:22,259 | INFO  | agentic | [ef9a5d4d][state] task added · Create src/styles/MenuSection.css
2026-05-02 09:52:22,272 | INFO  | agentic | [ef9a5d4d][state] task added · Create src/styles/ReviewsSection.css
2026-05-02 09:52:22,280 | INFO  | agentic | [ef9a5d4d][state] task added · Create src/styles/OrderForm.css
2026-05-02 09:52:22,289 | INFO  | agentic | [ef9a5d4d][state] task added · Create package.json
2026-05-02 09:52:22,298 | INFO  | agentic | [ef9a5d4d][state] task added · Implement Hero Section
2026-05-02 09:52:22,308 | INFO  | agentic | [ef9a5d4d][state] task added · Implement Menu Section
2026-05-02 09:52:22,319 | INFO  | agentic | [ef9a5d4d][state] task added · Implement Reviews Section
2026-05-02 09:52:22,326 | INFO  | agentic | [ef9a5d4d][state] task added · Implement Order/Contact Form
2026-05-02 09:52:22,330 | INFO  | agentic | [ef9a5d4d][planner] plan: 18 atomic tasks
2026-05-02 09:52:22,339 | INFO  | agentic | [ef9a5d4d][planner] agent → success
2026-05-02 09:52:22,346 | INFO  | agentic | [ef9a5d4d][qa] agent → running
2026-05-02 09:52:22,366 | INFO  | agentic | [ef9a5d4d][state] run updated: ['output_dir']
2026-05-02 09:52:22,370 | INFO  | agentic | [ef9a5d4d][qa] groq call · model=llama-3.3-70b-versatile temp=0.1
2026-05-02 09:52:24,954 | INFO  | agentic | [ef9a5d4d][qa] groq ok
2026-05-02 09:52:24,976 | INFO  | agentic | [ef9a5d4d][state] task test file set · output_projects\ef9a5d4d-2f68-4f52-b11b-48104cdbe90b\tests\test_t-001.py
2026-05-02 09:52:24,988 | INFO  | agentic | [ef9a5d4d][state] task → in_progress
2026-05-02 09:52:24,991 | INFO  | agentic | [ef9a5d4d][qa] test written · test_t-001.py · 35 lines
2026-05-02 09:52:30,000 | INFO  | agentic | [ef9a5d4d][qa] groq call · model=llama-3.3-70b-versatile temp=0.1
2026-05-02 09:52:30,887 | INFO  | agentic | [ef9a5d4d][qa] groq ok
2026-05-02 09:52:30,900 | INFO  | agentic | [ef9a5d4d][state] task test file set · output_projects\ef9a5d4d-2f68-4f52-b11b-48104cdbe90b\tests\test_t-002.py
2026-05-02 09:52:30,909 | INFO  | agentic | [ef9a5d4d][state] task → in_progress
2026-05-02 09:52:30,913 | INFO  | agentic | [ef9a5d4d][qa] test written · test_t-002.py · 27 lines
2026-05-02 09:52:35,908 | INFO  | agentic | [ef9a5d4d][qa] groq call · model=llama-3.3-70b-versatile temp=0.1
2026-05-02 09:52:36,747 | INFO  | agentic | [ef9a5d4d][qa] groq ok
2026-05-02 09:52:36,759 | INFO  | agentic | [ef9a5d4d][state] task test file set · output_projects\ef9a5d4d-2f68-4f52-b11b-48104cdbe90b\tests\test_t-003.py
2026-05-02 09:52:36,769 | INFO  | agentic | [ef9a5d4d][state] task → in_progress
2026-05-02 09:52:36,772 | INFO  | agentic | [ef9a5d4d][qa] test written · test_t-003.py · 20 lines
2026-05-02 09:52:41,770 | INFO  | agentic | [ef9a5d4d][qa] groq call · model=llama-3.3-70b-versatile temp=0.1
2026-05-02 09:52:42,702 | INFO  | agentic | [ef9a5d4d][qa] groq ok
2026-05-02 09:52:42,705 | INFO  | agentic | [ef9a5d4d][state] task test file set · output_projects\ef9a5d4d-2f68-4f52-b11b-48104cdbe90b\tests\test_t-004.py
2026-05-02 09:52:42,708 | INFO  | agentic | [ef9a5d4d][state] task → in_progress
2026-05-02 09:52:42,709 | INFO  | agentic | [ef9a5d4d][qa] test written · test_t-004.py · 31 lines
2026-05-02 09:52:47,727 | INFO  | agentic | [ef9a5d4d][qa] groq call · model=llama-3.3-70b-versatile temp=0.1
2026-05-02 09:52:48,654 | INFO  | agentic | [ef9a5d4d][qa] groq ok
2026-05-02 09:52:48,659 | INFO  | agentic | [ef9a5d4d][state] task test file set · output_projects\ef9a5d4d-2f68-4f52-b11b-48104cdbe90b\tests\test_t-005.py
2026-05-02 09:52:48,663 | INFO  | agentic | [ef9a5d4d][state] task → in_progress
2026-05-02 09:52:48,665 | INFO  | agentic | [ef9a5d4d][qa] test written · test_t-005.py · 32 lines
2026-05-02 09:52:53,677 | INFO  | agentic | [ef9a5d4d][qa] groq call · model=llama-3.3-70b-versatile temp=0.1
2026-05-02 09:52:54,883 | INFO  | agentic | [ef9a5d4d][qa] groq ok
2026-05-02 09:52:54,887 | INFO  | agentic | [ef9a5d4d][state] task test file set · output_projects\ef9a5d4d-2f68-4f52-b11b-48104cdbe90b\tests\test_t-006.py
2026-05-02 09:52:54,891 | INFO  | agentic | [ef9a5d4d][state] task → in_progress
2026-05-02 09:52:54,893 | INFO  | agentic | [ef9a5d4d][qa] test written · test_t-006.py · 27 lines
2026-05-02 09:52:59,897 | INFO  | agentic | [ef9a5d4d][qa] groq call · model=llama-3.3-70b-versatile temp=0.1
2026-05-02 09:53:01,063 | INFO  | agentic | [ef9a5d4d][qa] groq ok
2026-05-02 09:53:01,069 | INFO  | agentic | [ef9a5d4d][state] task test file set · output_projects\ef9a5d4d-2f68-4f52-b11b-48104cdbe90b\tests\test_t-007.py
2026-05-02 09:53:01,074 | INFO  | agentic | [ef9a5d4d][state] task → in_progress
2026-05-02 09:53:01,075 | INFO  | agentic | [ef9a5d4d][qa] test written · test_t-007.py · 35 lines
2026-05-02 09:53:06,072 | INFO  | agentic | [ef9a5d4d][qa] groq call · model=llama-3.3-70b-versatile temp=0.1
2026-05-02 09:53:07,045 | INFO  | agentic | [ef9a5d4d][qa] groq ok
2026-05-02 09:53:07,054 | INFO  | agentic | [ef9a5d4d][state] task test file set · output_projects\ef9a5d4d-2f68-4f52-b11b-48104cdbe90b\tests\test_t-008.py
2026-05-02 09:53:07,063 | INFO  | agentic | [ef9a5d4d][state] task → in_progress
2026-05-02 09:53:07,067 | INFO  | agentic | [ef9a5d4d][qa] test written · test_t-008.py · 26 lines
2026-05-02 09:53:12,057 | INFO  | agentic | [ef9a5d4d][qa] groq call · model=llama-3.3-70b-versatile temp=0.1
2026-05-02 09:53:12,979 | INFO  | agentic | [ef9a5d4d][qa] groq ok
2026-05-02 09:53:12,982 | INFO  | agentic | [ef9a5d4d][state] task test file set · output_projects\ef9a5d4d-2f68-4f52-b11b-48104cdbe90b\tests\test_t-009.py
2026-05-02 09:53:12,985 | INFO  | agentic | [ef9a5d4d][state] task → in_progress
2026-05-02 09:53:12,985 | INFO  | agentic | [ef9a5d4d][qa] test written · test_t-009.py · 27 lines
2026-05-02 09:53:17,986 | INFO  | agentic | [ef9a5d4d][qa] groq call · model=llama-3.3-70b-versatile temp=0.1
2026-05-02 09:53:18,766 | INFO  | agentic | [ef9a5d4d][qa] groq ok
2026-05-02 09:53:18,773 | INFO  | agentic | [ef9a5d4d][state] task test file set · output_projects\ef9a5d4d-2f68-4f52-b11b-48104cdbe90b\tests\test_t-010.py
2026-05-02 09:53:18,778 | INFO  | agentic | [ef9a5d4d][state] task → in_progress
2026-05-02 09:53:18,780 | INFO  | agentic | [ef9a5d4d][qa] test written · test_t-010.py · 22 lines
2026-05-02 09:53:23,775 | INFO  | agentic | [ef9a5d4d][qa] groq call · model=llama-3.3-70b-versatile temp=0.1
2026-05-02 09:53:24,740 | INFO  | agentic | [ef9a5d4d][qa] groq ok
2026-05-02 09:53:24,746 | INFO  | agentic | [ef9a5d4d][state] task test file set · output_projects\ef9a5d4d-2f68-4f52-b11b-48104cdbe90b\tests\test_t-011.py
2026-05-02 09:53:24,750 | INFO  | agentic | [ef9a5d4d][state] task → in_progress
2026-05-02 09:53:24,753 | INFO  | agentic | [ef9a5d4d][qa] test written · test_t-011.py · 22 lines
2026-05-02 09:53:29,746 | INFO  | agentic | [ef9a5d4d][qa] groq call · model=llama-3.3-70b-versatile temp=0.1
2026-05-02 09:53:30,769 | INFO  | agentic | [ef9a5d4d][qa] groq ok
2026-05-02 09:53:30,782 | INFO  | agentic | [ef9a5d4d][state] task test file set · output_projects\ef9a5d4d-2f68-4f52-b11b-48104cdbe90b\tests\test_t-012.py
2026-05-02 09:53:30,792 | INFO  | agentic | [ef9a5d4d][state] task → in_progress
2026-05-02 09:53:30,796 | INFO  | agentic | [ef9a5d4d][qa] test written · test_t-012.py · 6 lines
2026-05-02 09:53:35,802 | INFO  | agentic | [ef9a5d4d][qa] groq call · model=llama-3.3-70b-versatile temp=0.1
2026-05-02 09:53:36,795 | INFO  | agentic | [ef9a5d4d][qa] groq ok
2026-05-02 09:53:36,807 | INFO  | agentic | [ef9a5d4d][state] task test file set · output_projects\ef9a5d4d-2f68-4f52-b11b-48104cdbe90b\tests\test_t-013.py
2026-05-02 09:53:36,817 | INFO  | agentic | [ef9a5d4d][state] task → in_progress
2026-05-02 09:53:36,821 | INFO  | agentic | [ef9a5d4d][qa] test written · test_t-013.py · 22 lines
2026-05-02 09:53:41,847 | INFO  | agentic | [ef9a5d4d][qa] groq call · model=llama-3.3-70b-versatile temp=0.1
2026-05-02 09:53:42,857 | INFO  | agentic | [ef9a5d4d][qa] groq ok
2026-05-02 09:53:42,869 | INFO  | agentic | [ef9a5d4d][state] task test file set · output_projects\ef9a5d4d-2f68-4f52-b11b-48104cdbe90b\tests\test_t-014.py
2026-05-02 09:53:42,876 | INFO  | agentic | [ef9a5d4d][state] task → in_progress
2026-05-02 09:53:42,880 | INFO  | agentic | [ef9a5d4d][qa] test written · test_t-014.py · 7 lines
2026-05-02 09:53:47,863 | INFO  | agentic | [ef9a5d4d][qa] groq call · model=llama-3.3-70b-versatile temp=0.1
2026-05-02 09:53:48,965 | INFO  | agentic | [ef9a5d4d][qa] groq ok
2026-05-02 09:53:48,978 | INFO  | agentic | [ef9a5d4d][state] task test file set · output_projects\ef9a5d4d-2f68-4f52-b11b-48104cdbe90b\tests\test_t-015.py
2026-05-02 09:53:48,986 | INFO  | agentic | [ef9a5d4d][state] task → in_progress
2026-05-02 09:53:48,990 | INFO  | agentic | [ef9a5d4d][qa] test written · test_t-015.py · 41 lines
2026-05-02 09:53:53,978 | INFO  | agentic | [ef9a5d4d][qa] groq call · model=llama-3.3-70b-versatile temp=0.1
2026-05-02 09:53:55,148 | INFO  | agentic | [ef9a5d4d][qa] groq ok
2026-05-02 09:53:55,161 | INFO  | agentic | [ef9a5d4d][state] task test file set · output_projects\ef9a5d4d-2f68-4f52-b11b-48104cdbe90b\tests\test_t-016.py
2026-05-02 09:53:55,169 | INFO  | agentic | [ef9a5d4d][state] task → in_progress
2026-05-02 09:53:55,172 | INFO  | agentic | [ef9a5d4d][qa] test written · test_t-016.py · 54 lines
2026-05-02 09:54:00,187 | INFO  | agentic | [ef9a5d4d][qa] groq call · model=llama-3.3-70b-versatile temp=0.1
2026-05-02 09:54:01,437 | INFO  | agentic | [ef9a5d4d][qa] groq ok
2026-05-02 09:54:01,453 | INFO  | agentic | [ef9a5d4d][state] task test file set · output_projects\ef9a5d4d-2f68-4f52-b11b-48104cdbe90b\tests\test_t-017.py
2026-05-02 09:54:01,463 | INFO  | agentic | [ef9a5d4d][state] task → in_progress
2026-05-02 09:54:01,469 | INFO  | agentic | [ef9a5d4d][qa] test written · test_t-017.py · 49 lines
2026-05-02 09:54:06,469 | INFO  | agentic | [ef9a5d4d][qa] groq call · model=llama-3.3-70b-versatile temp=0.1
2026-05-02 09:54:07,235 | INFO  | agentic | [ef9a5d4d][qa] groq ok
2026-05-02 09:54:07,247 | INFO  | agentic | [ef9a5d4d][state] task test file set · output_projects\ef9a5d4d-2f68-4f52-b11b-48104cdbe90b\tests\test_t-018.py
2026-05-02 09:54:07,258 | INFO  | agentic | [ef9a5d4d][state] task → in_progress
2026-05-02 09:54:07,262 | INFO  | agentic | [ef9a5d4d][qa] test written · test_t-018.py · 28 lines
2026-05-02 09:54:12,281 | INFO  | agentic | [ef9a5d4d][qa] qa: 18 failing test files written
2026-05-02 09:54:12,289 | INFO  | agentic | [ef9a5d4d][qa] agent → success
2026-05-02 09:54:12,298 | INFO  | agentic | [ef9a5d4d][coder] agent → running
2026-05-02 09:54:12,308 | INFO  | agentic | [ef9a5d4d][coder] groq call · model=llama-3.3-70b-versatile temp=0.2
2026-05-02 09:54:14,420 | INFO  | agentic | [ef9a5d4d][coder] groq ok
2026-05-02 09:54:14,437 | INFO  | agentic | [ef9a5d4d][state] task code files set · 1 file(s)
2026-05-02 09:54:14,441 | INFO  | agentic | [ef9a5d4d][coder] task t-001 · 1 file(s) written
2026-05-02 09:54:19,460 | INFO  | agentic | [ef9a5d4d][coder] groq call · model=llama-3.3-70b-versatile temp=0.2
2026-05-02 09:54:20,022 | INFO  | agentic | [ef9a5d4d][coder] groq ok
2026-05-02 09:54:20,040 | INFO  | agentic | [ef9a5d4d][state] task code files set · 1 file(s)
2026-05-02 09:54:20,043 | INFO  | agentic | [ef9a5d4d][coder] task t-002 · 1 file(s) written
2026-05-02 09:54:25,047 | INFO  | agentic | [ef9a5d4d][coder] groq call · model=llama-3.3-70b-versatile temp=0.2
2026-05-02 09:54:29,343 | INFO  | agentic | [ef9a5d4d][coder] groq ok
2026-05-02 09:54:29,374 | INFO  | agentic | [ef9a5d4d][state] task code files set · 1 file(s)
2026-05-02 09:54:29,379 | INFO  | agentic | [ef9a5d4d][coder] task t-003 · 1 file(s) written
2026-05-02 09:54:34,402 | INFO  | agentic | [ef9a5d4d][coder] groq call · model=llama-3.3-70b-versatile temp=0.2
2026-05-02 09:54:34,887 | INFO  | agentic | [ef9a5d4d][coder] groq ok
2026-05-02 09:54:34,901 | INFO  | agentic | [ef9a5d4d][state] task code files set · 1 file(s)
2026-05-02 09:54:34,904 | INFO  | agentic | [ef9a5d4d][coder] task t-004 · 1 file(s) written
2026-05-02 09:54:39,929 | INFO  | agentic | [ef9a5d4d][coder] groq call · model=llama-3.3-70b-versatile temp=0.2
2026-05-02 09:54:39,993 | INFO  | agentic | [ef9a5d4d][coder] groq 429 · pre-sleeping 8.0s before bubbling
2026-05-02 09:54:47,995 | ERROR | agentic | [ef9a5d4d][coder] attempt 1/5 failed: Error code: 429 - {'error': {'message': 'Rate limit reached for model `llama-3.3-70b-versatile` in organization `org_01ker8w1fkf0ps8xdaw819amc2` service tier `on_demand` on tokens per day (TPD): Limit 100000, Used 98246, Requested 3360. Please try again in 23m7.584s. Need more tokens? Upgrade to Dev Tier today at https://console.groq.com/settings/billing', 'type': 'tokens', 'code': 'rate_limit_exceeded'}}
2026-05-02 09:54:48,000 | ERROR | agentic | [ef9a5d4d][coder] agent → error
2026-05-02 09:55:17,998 | INFO  | agentic | [ef9a5d4d][coder] groq call · model=llama-3.3-70b-versatile temp=0.2
2026-05-02 09:55:18,533 | INFO  | agentic | [ef9a5d4d][coder] groq ok
2026-05-02 09:55:18,549 | INFO  | agentic | [ef9a5d4d][state] task code files set · 1 file(s)
2026-05-02 09:55:18,553 | INFO  | agentic | [ef9a5d4d][coder] task t-001 · 1 file(s) written
2026-05-02 09:55:23,575 | INFO  | agentic | [ef9a5d4d][coder] groq call · model=llama-3.3-70b-versatile temp=0.2
2026-05-02 09:55:23,655 | INFO  | agentic | [ef9a5d4d][coder] groq 429 · pre-sleeping 8.0s before bubbling
2026-05-02 09:55:31,669 | ERROR | agentic | [ef9a5d4d][coder] attempt 2/5 failed: Error code: 429 - {'error': {'message': 'Rate limit reached for model `llama-3.3-70b-versatile` in organization `org_01ker8w1fkf0ps8xdaw819amc2` service tier `on_demand` on tokens per day (TPD): Limit 100000, Used 99064, Requested 1184. Please try again in 3m34.272s. Need more tokens? Upgrade to Dev Tier today at https://console.groq.com/settings/billing', 'type': 'tokens', 'code': 'rate_limit_exceeded'}}
2026-05-02 09:55:31,671 | ERROR | agentic | [ef9a5d4d][coder] agent → error
2026-05-02 09:56:01,696 | INFO  | agentic | [ef9a5d4d][coder] groq call · model=llama-3.3-70b-versatile temp=0.2
2026-05-02 09:56:01,766 | INFO  | agentic | [ef9a5d4d][coder] groq 429 · pre-sleeping 8.0s before bubbling
2026-05-02 09:56:09,776 | ERROR | agentic | [ef9a5d4d][coder] attempt 3/5 failed: Error code: 429 - {'error': {'message': 'Rate limit reached for model `llama-3.3-70b-versatile` in organization `org_01ker8w1fkf0ps8xdaw819amc2` service tier `on_demand` on tokens per day (TPD): Limit 100000, Used 99019, Requested 3359. Please try again in 34m14.592s. Need more tokens? Upgrade to Dev Tier today at https://console.groq.com/settings/billing', 'type': 'tokens', 'code': 'rate_limit_exceeded'}}
2026-05-02 09:56:09,778 | ERROR | agentic | [ef9a5d4d][coder] agent → error
2026-05-02 09:56:39,796 | INFO  | agentic | [ef9a5d4d][coder] groq call · model=llama-3.3-70b-versatile temp=0.2
2026-05-02 09:56:39,876 | INFO  | agentic | [ef9a5d4d][coder] groq 429 · pre-sleeping 8.0s before bubbling
2026-05-02 09:56:47,898 | ERROR | agentic | [ef9a5d4d][coder] attempt 4/5 failed: Error code: 429 - {'error': {'message': 'Rate limit reached for model `llama-3.3-70b-versatile` in organization `org_01ker8w1fkf0ps8xdaw819amc2` service tier `on_demand` on tokens per day (TPD): Limit 100000, Used 98975, Requested 1203. Please try again in 2m33.792s. Need more tokens? Upgrade to Dev Tier today at https://console.groq.com/settings/billing', 'type': 'tokens', 'code': 'rate_limit_exceeded'}}
2026-05-02 09:56:47,903 | ERROR | agentic | [ef9a5d4d][coder] agent → error
2026-05-02 09:57:17,919 | INFO  | agentic | [ef9a5d4d][coder] groq call · model=llama-3.3-70b-versatile temp=0.2
2026-05-02 09:57:18,015 | INFO  | agentic | [ef9a5d4d][coder] groq 429 · pre-sleeping 8.0s before bubbling
2026-05-02 09:57:26,018 | ERROR | agentic | [ef9a5d4d][coder] attempt 5/5 failed: Error code: 429 - {'error': {'message': 'Rate limit reached for model `llama-3.3-70b-versatile` in organization `org_01ker8w1fkf0ps8xdaw819amc2` service tier `on_demand` on tokens per day (TPD): Limit 100000, Used 98931, Requested 1145. Please try again in 1m5.664s. Need more tokens? Upgrade to Dev Tier today at https://console.groq.com/settings/billing', 'type': 'tokens', 'code': 'rate_limit_exceeded'}}
2026-05-02 09:57:26,023 | ERROR | agentic | [ef9a5d4d][coder] agent → error
2026-05-02 09:57:26,025 | ERROR | agentic | [ef9a5d4d][orchestrator] coder exhausted retries — marking run failed
2026-05-02 09:57:26,029 | INFO  | agentic | [ef9a5d4d][state] run updated: ['status']
2026-05-02 09:58:12,559 | INFO  | agentic | [2b34c4c5][state] run created
2026-05-02 09:58:12,580 | INFO  | agentic | [2b34c4c5][state] run updated: ['status']
2026-05-02 09:58:12,582 | INFO  | agentic | [2b34c4c5][orchestrator] pipeline start · 7 agents
2026-05-02 09:58:12,589 | INFO  | agentic | [2b34c4c5][intake] agent → running
2026-05-02 09:58:12,593 | INFO  | agentic | [2b34c4c5][intake] groq call · model=llama-3.1-8b-instant temp=0.3
2026-05-02 09:58:15,067 | INFO  | agentic | [2b34c4c5][intake] groq ok
2026-05-02 09:58:15,073 | INFO  | agentic | [2b34c4c5][state] specification stored
2026-05-02 09:58:15,077 | INFO  | agentic | [2b34c4c5][intake] spec ready · 7th-heaven-bakery-frontend · 4 features
2026-05-02 09:58:15,083 | INFO  | agentic | [2b34c4c5][intake] agent → success
2026-05-02 09:58:15,091 | INFO  | agentic | [2b34c4c5][architect] agent → running
2026-05-02 09:58:15,099 | INFO  | agentic | [2b34c4c5][architect] groq call · model=llama-3.1-8b-instant temp=0.2
2026-05-02 09:58:55,402 | INFO  | agentic | [2b34c4c5][architect] groq ok
2026-05-02 09:58:55,408 | INFO  | agentic | [2b34c4c5][state] architecture stored
2026-05-02 09:58:55,414 | INFO  | agentic | [2b34c4c5][architect] arch: 0 APIs · 0 tables · 0 modules
2026-05-02 09:58:55,423 | INFO  | agentic | [2b34c4c5][architect] agent → success
2026-05-02 09:58:55,431 | INFO  | agentic | [2b34c4c5][planner] agent → running
2026-05-02 09:58:55,437 | INFO  | agentic | [2b34c4c5][planner] groq call · model=llama-3.1-8b-instant temp=0.2
2026-05-02 09:59:11,556 | INFO  | agentic | [2b34c4c5][planner] groq ok
2026-05-02 09:59:11,563 | INFO  | agentic | [2b34c4c5][state] task added · Create project structure
2026-05-02 09:59:11,569 | INFO  | agentic | [2b34c4c5][state] task added · Install React and dependencies
2026-05-02 09:59:11,577 | INFO  | agentic | [2b34c4c5][state] task added · Create App.js
2026-05-02 09:59:11,584 | INFO  | agentic | [2b34c4c5][state] task added · Create HeroSection.js
2026-05-02 09:59:11,592 | INFO  | agentic | [2b34c4c5][state] task added · Create MenuSection.js
2026-05-02 09:59:11,600 | INFO  | agentic | [2b34c4c5][state] task added · Create ReviewSection.js
2026-05-02 09:59:11,611 | INFO  | agentic | [2b34c4c5][state] task added · Create OrderForm.js
2026-05-02 09:59:11,620 | INFO  | agentic | [2b34c4c5][state] task added · Configure Webpack
2026-05-02 09:59:11,627 | INFO  | agentic | [2b34c4c5][state] task added · Create index.js
2026-05-02 09:59:11,634 | INFO  | agentic | [2b34c4c5][state] task added · Create index.html
2026-05-02 09:59:11,642 | INFO  | agentic | [2b34c4c5][state] task added · Implement Hero Section
2026-05-02 09:59:11,649 | INFO  | agentic | [2b34c4c5][state] task added · Implement Menu Section
2026-05-02 09:59:11,657 | INFO  | agentic | [2b34c4c5][state] task added · Implement Review Section
2026-05-02 09:59:11,663 | INFO  | agentic | [2b34c4c5][state] task added · Implement Order Form
2026-05-02 09:59:11,666 | INFO  | agentic | [2b34c4c5][planner] plan: 14 atomic tasks
2026-05-02 09:59:11,674 | INFO  | agentic | [2b34c4c5][planner] agent → success
2026-05-02 09:59:11,681 | INFO  | agentic | [2b34c4c5][qa] agent → running
2026-05-02 09:59:11,695 | INFO  | agentic | [2b34c4c5][state] run updated: ['output_dir']
2026-05-02 09:59:11,698 | INFO  | agentic | [2b34c4c5][qa] groq call · model=llama-3.1-8b-instant temp=0.1
2026-05-02 09:59:58,581 | INFO  | agentic | [2b34c4c5][qa] groq ok
2026-05-02 09:59:58,585 | ERROR | agentic | [2b34c4c5][qa] attempt 1/5 failed: qa: empty code for task t-001
2026-05-02 09:59:58,592 | ERROR | agentic | [2b34c4c5][qa] agent → error
2026-05-02 10:00:28,613 | INFO  | agentic | [2b34c4c5][state] run updated: ['output_dir']
2026-05-02 10:00:28,615 | INFO  | agentic | [2b34c4c5][qa] groq call · model=llama-3.1-8b-instant temp=0.1
2026-05-02 10:00:28,853 | INFO  | agentic | [2b34c4c5][qa] groq ok
2026-05-02 10:00:28,853 | ERROR | agentic | [2b34c4c5][qa] attempt 2/5 failed: qa: empty code for task t-001
2026-05-02 10:00:28,858 | ERROR | agentic | [2b34c4c5][qa] agent → error
2026-05-02 10:00:58,875 | INFO  | agentic | [2b34c4c5][state] run updated: ['output_dir']
2026-05-02 10:00:58,880 | INFO  | agentic | [2b34c4c5][qa] groq call · model=llama-3.1-8b-instant temp=0.1
2026-05-02 10:00:59,332 | INFO  | agentic | [2b34c4c5][qa] groq ok
2026-05-02 10:00:59,335 | ERROR | agentic | [2b34c4c5][qa] attempt 3/5 failed: qa: empty code for task t-001
2026-05-02 10:00:59,344 | ERROR | agentic | [2b34c4c5][qa] agent → error
2026-05-02 10:01:29,345 | INFO  | agentic | [2b34c4c5][state] run updated: ['output_dir']
2026-05-02 10:01:29,348 | INFO  | agentic | [2b34c4c5][qa] groq call · model=llama-3.1-8b-instant temp=0.1
2026-05-02 10:01:29,676 | INFO  | agentic | [2b34c4c5][qa] groq ok
2026-05-02 10:01:29,679 | ERROR | agentic | [2b34c4c5][qa] attempt 4/5 failed: qa: empty code for task t-001
2026-05-02 10:01:29,688 | ERROR | agentic | [2b34c4c5][qa] agent → error
2026-05-02 10:01:58,789 | INFO  | agentic | [c0605275][state] run created
2026-05-02 10:01:58,804 | INFO  | agentic | [c0605275][state] run updated: ['status']
2026-05-02 10:01:58,807 | INFO  | agentic | [c0605275][orchestrator] pipeline start · 7 agents
2026-05-02 10:01:58,813 | INFO  | agentic | [c0605275][intake] agent → running
2026-05-02 10:01:58,815 | INFO  | agentic | [c0605275][intake] groq call · model=llama-3.1-8b-instant temp=0.3
2026-05-02 10:02:00,385 | INFO  | agentic | [b307d896][state] run created
2026-05-02 10:02:00,401 | INFO  | agentic | [2b34c4c5][state] run updated: ['output_dir']
2026-05-02 10:02:00,404 | INFO  | agentic | [2b34c4c5][qa] groq call · model=llama-3.1-8b-instant temp=0.1
2026-05-02 10:02:00,439 | INFO  | agentic | [b307d896][state] run updated: ['status']
2026-05-02 10:02:00,441 | INFO  | agentic | [b307d896][orchestrator] pipeline start · 7 agents
2026-05-02 10:02:00,450 | INFO  | agentic | [b307d896][intake] agent → running
2026-05-02 10:02:00,454 | INFO  | agentic | [b307d896][intake] groq call · model=llama-3.1-8b-instant temp=0.3
2026-05-02 10:02:00,748 | INFO  | agentic | [2b34c4c5][qa] groq ok
2026-05-02 10:02:00,750 | ERROR | agentic | [2b34c4c5][qa] attempt 5/5 failed: qa: empty code for task t-001
2026-05-02 10:02:00,757 | ERROR | agentic | [2b34c4c5][qa] agent → error
2026-05-02 10:02:00,759 | ERROR | agentic | [2b34c4c5][orchestrator] qa exhausted retries — marking run failed
2026-05-02 10:02:00,766 | INFO  | agentic | [2b34c4c5][state] run updated: ['status']
2026-05-02 10:02:00,853 | INFO  | agentic | [c0605275][intake] groq ok
2026-05-02 10:02:00,858 | INFO  | agentic | [c0605275][state] specification stored
2026-05-02 10:02:00,866 | INFO  | agentic | [c0605275][state] run updated: ['status']
2026-05-02 10:02:00,871 | INFO  | agentic | [c0605275][intake] awaiting 2 clarification(s)
2026-05-02 10:02:00,879 | INFO  | agentic | [c0605275][intake] agent → running
2026-05-02 10:02:00,885 | INFO  | agentic | [c0605275][orchestrator] pipeline paused — intake awaiting user input
2026-05-02 10:02:01,017 | INFO  | agentic | [b307d896][intake] groq ok
2026-05-02 10:02:01,023 | INFO  | agentic | [b307d896][state] specification stored
2026-05-02 10:02:01,026 | INFO  | agentic | [b307d896][intake] spec ready · 7th-heaven-bakery · 4 features
2026-05-02 10:02:01,034 | INFO  | agentic | [b307d896][intake] agent → success
2026-05-02 10:02:01,042 | INFO  | agentic | [b307d896][architect] agent → running
2026-05-02 10:02:01,047 | INFO  | agentic | [b307d896][architect] groq call · model=llama-3.1-8b-instant temp=0.2
2026-05-02 10:02:03,463 | INFO  | agentic | [b307d896][architect] groq ok
2026-05-02 10:02:03,469 | INFO  | agentic | [b307d896][state] architecture stored
2026-05-02 10:02:03,471 | INFO  | agentic | [b307d896][architect] arch: 0 APIs · 0 tables · 0 modules
2026-05-02 10:02:03,476 | INFO  | agentic | [b307d896][architect] agent → success
2026-05-02 10:02:03,482 | INFO  | agentic | [b307d896][planner] agent → running
2026-05-02 10:02:03,486 | INFO  | agentic | [b307d896][planner] groq call · model=llama-3.1-8b-instant temp=0.2
2026-05-02 10:02:06,471 | INFO  | agentic | [b307d896][planner] groq ok
2026-05-02 10:02:06,477 | INFO  | agentic | [b307d896][state] task added · Create project directory and package.json
2026-05-02 10:02:06,485 | INFO  | agentic | [b307d896][state] task added · Install React dependencies
2026-05-02 10:02:06,493 | INFO  | agentic | [b307d896][state] task added · Create src directory and App.js
2026-05-02 10:02:06,503 | INFO  | agentic | [b307d896][state] task added · Create index.js and index.html
2026-05-02 10:02:06,513 | INFO  | agentic | [b307d896][state] task added · Create components directory and HeroSection.js
2026-05-02 10:02:06,522 | INFO  | agentic | [b307d896][state] task added · Create MenuSection.js and ReviewsSection.js
2026-05-02 10:02:06,531 | INFO  | agentic | [b307d896][state] task added · Create OrderForm.js
2026-05-02 10:02:06,542 | INFO  | agentic | [b307d896][state] task added · Implement Hero Section
2026-05-02 10:02:06,553 | INFO  | agentic | [b307d896][state] task added · Implement Menu Section
2026-05-02 10:02:06,565 | INFO  | agentic | [b307d896][state] task added · Implement Reviews Section
2026-05-02 10:02:06,577 | INFO  | agentic | [b307d896][state] task added · Implement Order/Contact Form
2026-05-02 10:02:06,587 | INFO  | agentic | [b307d896][state] task added · Implement responsive design
2026-05-02 10:02:06,593 | INFO  | agentic | [b307d896][planner] plan: 12 atomic tasks
2026-05-02 10:02:06,603 | INFO  | agentic | [b307d896][planner] agent → success
2026-05-02 10:02:06,615 | INFO  | agentic | [b307d896][qa] agent → running
2026-05-02 10:02:06,632 | INFO  | agentic | [b307d896][state] run updated: ['output_dir']
2026-05-02 10:02:06,637 | INFO  | agentic | [b307d896][qa] groq call · model=llama-3.1-70b-versatile temp=0.1
2026-05-02 10:02:08,519 | ERROR | agentic | [b307d896][qa] attempt 1/5 failed: Error code: 400 - {'error': {'message': 'The model `llama-3.1-70b-versatile` has been decommissioned and is no longer supported. Please refer to https://console.groq.com/docs/deprecations for a recommendation on which model to use instead.', 'type': 'invalid_request_error', 'code': 'model_decommissioned'}}
2026-05-02 10:02:08,527 | ERROR | agentic | [b307d896][qa] agent → error
2026-05-02 10:02:38,534 | INFO  | agentic | [b307d896][state] run updated: ['output_dir']
2026-05-02 10:02:38,535 | INFO  | agentic | [b307d896][qa] groq call · model=llama-3.1-70b-versatile temp=0.1
2026-05-02 10:02:38,593 | ERROR | agentic | [b307d896][qa] attempt 2/5 failed: Error code: 400 - {'error': {'message': 'The model `llama-3.1-70b-versatile` has been decommissioned and is no longer supported. Please refer to https://console.groq.com/docs/deprecations for a recommendation on which model to use instead.', 'type': 'invalid_request_error', 'code': 'model_decommissioned'}}
2026-05-02 10:02:38,598 | ERROR | agentic | [b307d896][qa] agent → error
2026-05-02 10:03:08,615 | INFO  | agentic | [b307d896][state] run updated: ['output_dir']
2026-05-02 10:03:08,615 | INFO  | agentic | [b307d896][qa] groq call · model=llama-3.1-70b-versatile temp=0.1
2026-05-02 10:03:08,676 | ERROR | agentic | [b307d896][qa] attempt 3/5 failed: Error code: 400 - {'error': {'message': 'The model `llama-3.1-70b-versatile` has been decommissioned and is no longer supported. Please refer to https://console.groq.com/docs/deprecations for a recommendation on which model to use instead.', 'type': 'invalid_request_error', 'code': 'model_decommissioned'}}
2026-05-02 10:03:08,678 | ERROR | agentic | [b307d896][qa] agent → error
2026-05-02 10:03:25,894 | INFO  | agentic | [ed85aef9][state] run created
2026-05-02 10:03:25,905 | INFO  | agentic | [ed85aef9][state] run updated: ['status']
2026-05-02 10:03:25,911 | INFO  | agentic | [ed85aef9][orchestrator] pipeline start · 7 agents
2026-05-02 10:03:25,916 | INFO  | agentic | [ed85aef9][intake] agent → running
2026-05-02 10:03:25,918 | INFO  | agentic | [ed85aef9][intake] groq call · model=llama-3.1-8b-instant temp=0.3
2026-05-02 10:03:27,955 | INFO  | agentic | [ed85aef9][intake] groq ok
2026-05-02 10:03:27,963 | INFO  | agentic | [ed85aef9][state] specification stored
2026-05-02 10:03:27,971 | INFO  | agentic | [ed85aef9][state] run updated: ['status']
2026-05-02 10:03:27,974 | INFO  | agentic | [ed85aef9][intake] awaiting 3 clarification(s)
2026-05-02 10:03:27,982 | INFO  | agentic | [ed85aef9][intake] agent → running
2026-05-02 10:03:27,986 | INFO  | agentic | [ed85aef9][orchestrator] pipeline paused — intake awaiting user input
2026-05-02 10:03:38,678 | INFO  | agentic | [b307d896][state] run updated: ['output_dir']
2026-05-02 10:03:38,682 | INFO  | agentic | [b307d896][qa] groq call · model=llama-3.1-70b-versatile temp=0.1
2026-05-02 10:03:38,783 | ERROR | agentic | [b307d896][qa] attempt 4/5 failed: Error code: 400 - {'error': {'message': 'The model `llama-3.1-70b-versatile` has been decommissioned and is no longer supported. Please refer to https://console.groq.com/docs/deprecations for a recommendation on which model to use instead.', 'type': 'invalid_request_error', 'code': 'model_decommissioned'}}
2026-05-02 10:03:38,790 | ERROR | agentic | [b307d896][qa] agent → error
2026-05-02 10:03:42,673 | INFO  | agentic | [ed85aef9][state] specification stored
2026-05-02 10:03:42,678 | INFO  | agentic | [ed85aef9][intake] agent → idle
2026-05-02 10:03:42,683 | INFO  | agentic | [ed85aef9][state] run updated: ['status']
2026-05-02 10:03:42,687 | INFO  | agentic | [ed85aef9][intake] received 3 answer(s) — resuming
2026-05-02 10:03:42,693 | INFO  | agentic | [ed85aef9][state] run updated: ['status']
2026-05-02 10:03:42,696 | INFO  | agentic | [ed85aef9][orchestrator] pipeline start · 7 agents
2026-05-02 10:03:42,704 | INFO  | agentic | [ed85aef9][intake] agent → running
2026-05-02 10:03:42,708 | INFO  | agentic | [ed85aef9][intake] groq call · model=llama-3.1-8b-instant temp=0.3
2026-05-02 10:03:43,131 | INFO  | agentic | [ed85aef9][intake] groq ok
2026-05-02 10:03:43,161 | INFO  | agentic | [ed85aef9][state] specification stored
2026-05-02 10:03:43,166 | INFO  | agentic | [ed85aef9][intake] spec ready · 7th-heaven-bakery · 4 features
2026-05-02 10:03:43,178 | INFO  | agentic | [ed85aef9][intake] agent → success
2026-05-02 10:03:43,186 | INFO  | agentic | [ed85aef9][architect] agent → running
2026-05-02 10:03:43,191 | INFO  | agentic | [ed85aef9][architect] groq call · model=llama-3.1-8b-instant temp=0.2
2026-05-02 10:03:45,396 | INFO  | agentic | [ed85aef9][architect] groq ok
2026-05-02 10:03:45,404 | INFO  | agentic | [ed85aef9][state] architecture stored
2026-05-02 10:03:45,409 | INFO  | agentic | [ed85aef9][architect] arch: 0 APIs · 0 tables · 0 modules
2026-05-02 10:03:45,417 | INFO  | agentic | [ed85aef9][architect] agent → success
2026-05-02 10:03:45,426 | INFO  | agentic | [ed85aef9][planner] agent → running
2026-05-02 10:03:45,432 | INFO  | agentic | [ed85aef9][planner] groq call · model=llama-3.1-8b-instant temp=0.2
2026-05-02 10:03:48,537 | INFO  | agentic | [ed85aef9][planner] groq ok
2026-05-02 10:03:48,545 | INFO  | agentic | [ed85aef9][state] task added · Create project structure
2026-05-02 10:03:48,554 | INFO  | agentic | [ed85aef9][state] task added · Create index.html
2026-05-02 10:03:48,561 | INFO  | agentic | [ed85aef9][state] task added · Create App.js
2026-05-02 10:03:48,573 | INFO  | agentic | [ed85aef9][state] task added · Create HeroSection.js
2026-05-02 10:03:48,582 | INFO  | agentic | [ed85aef9][state] task added · Create MenuSection.js
2026-05-02 10:03:48,591 | INFO  | agentic | [ed85aef9][state] task added · Create ReviewsSection.js
2026-05-02 10:03:48,599 | INFO  | agentic | [ed85aef9][state] task added · Create OrderForm.js
2026-05-02 10:03:48,607 | INFO  | agentic | [ed85aef9][state] task added · Create styles/index.css
2026-05-02 10:03:48,618 | INFO  | agentic | [ed85aef9][state] task added · Implement Hero Section
2026-05-02 10:03:48,628 | INFO  | agentic | [ed85aef9][state] task added · Implement Menu Section
2026-05-02 10:03:48,639 | INFO  | agentic | [ed85aef9][state] task added · Implement Reviews Section
2026-05-02 10:03:48,649 | INFO  | agentic | [ed85aef9][state] task added · Implement Order/Contact Form
2026-05-02 10:03:48,659 | INFO  | agentic | [ed85aef9][state] task added · Implement global styles
2026-05-02 10:03:48,667 | INFO  | agentic | [ed85aef9][state] task added · Configure Webpack
2026-05-02 10:03:48,671 | INFO  | agentic | [ed85aef9][planner] plan: 14 atomic tasks
2026-05-02 10:03:48,680 | INFO  | agentic | [ed85aef9][planner] agent → success
2026-05-02 10:03:48,687 | INFO  | agentic | [ed85aef9][qa] agent → running
2026-05-02 10:03:48,701 | INFO  | agentic | [ed85aef9][state] run updated: ['output_dir']
2026-05-02 10:03:48,705 | INFO  | agentic | [ed85aef9][qa] groq call · model=mixtral-8x7b-32768 temp=0.1
2026-05-02 10:03:50,337 | ERROR | agentic | [ed85aef9][qa] attempt 1/5 failed: Error code: 400 - {'error': {'message': 'The model `mixtral-8x7b-32768` has been decommissioned and is no longer supported. Please refer to https://console.groq.com/docs/deprecations for a recommendation on which model to use instead.', 'type': 'invalid_request_error', 'code': 'model_decommissioned'}}
2026-05-02 10:03:50,346 | ERROR | agentic | [ed85aef9][qa] agent → error
2026-05-02 10:04:08,785 | INFO  | agentic | [b307d896][state] run updated: ['output_dir']
2026-05-02 10:04:08,787 | INFO  | agentic | [b307d896][qa] groq call · model=llama-3.1-70b-versatile temp=0.1
2026-05-02 10:04:08,844 | ERROR | agentic | [b307d896][qa] attempt 5/5 failed: Error code: 400 - {'error': {'message': 'The model `llama-3.1-70b-versatile` has been decommissioned and is no longer supported. Please refer to https://console.groq.com/docs/deprecations for a recommendation on which model to use instead.', 'type': 'invalid_request_error', 'code': 'model_decommissioned'}}
2026-05-02 10:04:08,847 | ERROR | agentic | [b307d896][qa] agent → error
2026-05-02 10:04:08,848 | ERROR | agentic | [b307d896][orchestrator] qa exhausted retries — marking run failed
2026-05-02 10:04:08,853 | INFO  | agentic | [b307d896][state] run updated: ['status']
2026-05-02 10:04:20,346 | INFO  | agentic | [ed85aef9][state] run updated: ['output_dir']
2026-05-02 10:04:20,347 | INFO  | agentic | [ed85aef9][qa] groq call · model=mixtral-8x7b-32768 temp=0.1
2026-05-02 10:04:20,425 | ERROR | agentic | [ed85aef9][qa] attempt 2/5 failed: Error code: 400 - {'error': {'message': 'The model `mixtral-8x7b-32768` has been decommissioned and is no longer supported. Please refer to https://console.groq.com/docs/deprecations for a recommendation on which model to use instead.', 'type': 'invalid_request_error', 'code': 'model_decommissioned'}}
2026-05-02 10:04:20,429 | ERROR | agentic | [ed85aef9][qa] agent → error
2026-05-02 10:04:50,418 | INFO  | agentic | [ed85aef9][state] run updated: ['output_dir']
2026-05-02 10:04:50,419 | INFO  | agentic | [ed85aef9][qa] groq call · model=mixtral-8x7b-32768 temp=0.1
2026-05-02 10:04:50,478 | ERROR | agentic | [ed85aef9][qa] attempt 3/5 failed: Error code: 400 - {'error': {'message': 'The model `mixtral-8x7b-32768` has been decommissioned and is no longer supported. Please refer to https://console.groq.com/docs/deprecations for a recommendation on which model to use instead.', 'type': 'invalid_request_error', 'code': 'model_decommissioned'}}
2026-05-02 10:04:50,480 | ERROR | agentic | [ed85aef9][qa] agent → error
2026-05-02 10:05:19,295 | INFO  | agentic | [56502376][state] run created
2026-05-02 10:05:19,310 | INFO  | agentic | [56502376][state] run updated: ['status']
2026-05-02 10:05:19,313 | INFO  | agentic | [56502376][orchestrator] pipeline start · 7 agents
2026-05-02 10:05:19,321 | INFO  | agentic | [56502376][intake] agent → running
2026-05-02 10:05:19,323 | INFO  | agentic | [56502376][intake] groq call · model=llama-3.1-8b-instant temp=0.3
2026-05-02 10:05:21,069 | INFO  | agentic | [ed85aef9][state] run updated: ['output_dir']
2026-05-02 10:05:21,072 | INFO  | agentic | [ed85aef9][qa] groq call · model=mixtral-8x7b-32768 temp=0.1
2026-05-02 10:05:21,147 | ERROR | agentic | [ed85aef9][qa] attempt 4/5 failed: Error code: 400 - {'error': {'message': 'The model `mixtral-8x7b-32768` has been decommissioned and is no longer supported. Please refer to https://console.groq.com/docs/deprecations for a recommendation on which model to use instead.', 'type': 'invalid_request_error', 'code': 'model_decommissioned'}}
2026-05-02 10:05:21,160 | ERROR | agentic | [ed85aef9][qa] agent → error
2026-05-02 10:05:21,522 | INFO  | agentic | [56502376][intake] groq ok
2026-05-02 10:05:21,528 | INFO  | agentic | [56502376][state] specification stored
2026-05-02 10:05:21,536 | INFO  | agentic | [56502376][state] run updated: ['status']
2026-05-02 10:05:21,541 | INFO  | agentic | [56502376][intake] awaiting 3 clarification(s)
2026-05-02 10:05:21,551 | INFO  | agentic | [56502376][intake] agent → running
2026-05-02 10:05:21,557 | INFO  | agentic | [56502376][orchestrator] pipeline paused — intake awaiting user input
2026-05-02 10:05:30,599 | INFO  | agentic | [56502376][state] specification stored
2026-05-02 10:05:30,603 | INFO  | agentic | [56502376][intake] agent → idle
2026-05-02 10:05:30,609 | INFO  | agentic | [56502376][state] run updated: ['status']
2026-05-02 10:05:30,612 | INFO  | agentic | [56502376][intake] received 3 answer(s) — resuming
2026-05-02 10:05:30,619 | INFO  | agentic | [56502376][state] run updated: ['status']
2026-05-02 10:05:30,622 | INFO  | agentic | [56502376][orchestrator] pipeline start · 7 agents
2026-05-02 10:05:30,626 | INFO  | agentic | [56502376][intake] agent → running
2026-05-02 10:05:30,629 | INFO  | agentic | [56502376][intake] groq call · model=llama-3.1-8b-instant temp=0.3
2026-05-02 10:05:31,070 | INFO  | agentic | [56502376][intake] groq ok
2026-05-02 10:05:31,078 | INFO  | agentic | [56502376][state] specification stored
2026-05-02 10:05:31,081 | INFO  | agentic | [56502376][intake] spec ready · 7th-heaven-bakery · 4 features
2026-05-02 10:05:31,089 | INFO  | agentic | [56502376][intake] agent → success
2026-05-02 10:05:31,097 | INFO  | agentic | [56502376][architect] agent → running
2026-05-02 10:05:31,102 | INFO  | agentic | [56502376][architect] groq call · model=llama-3.1-8b-instant temp=0.2
2026-05-02 10:05:33,437 | INFO  | agentic | [56502376][architect] groq ok
2026-05-02 10:05:33,444 | INFO  | agentic | [56502376][state] architecture stored
2026-05-02 10:05:33,448 | INFO  | agentic | [56502376][architect] arch: 0 APIs · 0 tables · 0 modules
2026-05-02 10:05:33,456 | INFO  | agentic | [56502376][architect] agent → success
2026-05-02 10:05:33,462 | INFO  | agentic | [56502376][planner] agent → running
2026-05-02 10:05:33,466 | INFO  | agentic | [56502376][planner] groq call · model=llama-3.1-8b-instant temp=0.2
2026-05-02 10:05:36,501 | INFO  | agentic | [56502376][planner] groq ok
2026-05-02 10:05:36,508 | INFO  | agentic | [56502376][state] task added · Create project structure
2026-05-02 10:05:36,515 | INFO  | agentic | [56502376][state] task added · Create Hero Section component
2026-05-02 10:05:36,522 | INFO  | agentic | [56502376][state] task added · Create Menu Section component
2026-05-02 10:05:36,529 | INFO  | agentic | [56502376][state] task added · Create Reviews Section component
2026-05-02 10:05:36,536 | INFO  | agentic | [56502376][state] task added · Create Order/Contact Form component
2026-05-02 10:05:36,544 | INFO  | agentic | [56502376][state] task added · Create App.js component
2026-05-02 10:05:36,551 | INFO  | agentic | [56502376][state] task added · Create index.html file
2026-05-02 10:05:36,559 | INFO  | agentic | [56502376][state] task added · Create index.js file
2026-05-02 10:05:36,567 | INFO  | agentic | [56502376][state] task added · Implement grid layout for Menu Section
2026-05-02 10:05:36,573 | INFO  | agentic | [56502376][state] task added · Implement carousel or grid layout for Reviews Section
2026-05-02 10:05:36,580 | INFO  | agentic | [56502376][state] task added · Implement Hero Section with bakery name, tagline, and call-to-action button
2026-05-02 10:05:36,589 | INFO  | agentic | [56502376][state] task added · Implement Order/Contact Form
2026-05-02 10:05:36,593 | INFO  | agentic | [56502376][planner] plan: 12 atomic tasks
2026-05-02 10:05:36,601 | INFO  | agentic | [56502376][planner] agent → success
2026-05-02 10:05:36,609 | INFO  | agentic | [56502376][qa] agent → running
2026-05-02 10:05:36,619 | INFO  | agentic | [56502376][state] run updated: ['output_dir']
2026-05-02 10:05:36,623 | INFO  | agentic | [56502376][qa] groq call · model=qwen/qwen3-32b temp=0.1
2026-05-02 10:05:43,684 | INFO  | agentic | [56502376][qa] groq ok
2026-05-02 10:05:43,703 | INFO  | agentic | [56502376][state] task test file set · output_projects\56502376-39f4-4f22-9972-20b5cf1640b7\tests\test_t-001.py
2026-05-02 10:05:43,714 | INFO  | agentic | [56502376][state] task → in_progress
2026-05-02 10:05:43,720 | INFO  | agentic | [56502376][qa] test written · test_t-001.py · 20 lines
2026-05-02 10:05:48,719 | INFO  | agentic | [56502376][qa] groq call · model=qwen/qwen3-32b temp=0.1
2026-05-02 10:05:51,169 | INFO  | agentic | [ed85aef9][state] run updated: ['output_dir']
2026-05-02 10:05:51,172 | INFO  | agentic | [ed85aef9][qa] groq call · model=mixtral-8x7b-32768 temp=0.1
2026-05-02 10:05:51,239 | ERROR | agentic | [ed85aef9][qa] attempt 5/5 failed: Error code: 400 - {'error': {'message': 'The model `mixtral-8x7b-32768` has been decommissioned and is no longer supported. Please refer to https://console.groq.com/docs/deprecations for a recommendation on which model to use instead.', 'type': 'invalid_request_error', 'code': 'model_decommissioned'}}
2026-05-02 10:05:51,247 | ERROR | agentic | [ed85aef9][qa] agent → error
2026-05-02 10:05:51,250 | ERROR | agentic | [ed85aef9][orchestrator] qa exhausted retries — marking run failed
2026-05-02 10:05:51,261 | INFO  | agentic | [ed85aef9][state] run updated: ['status']
2026-05-02 10:06:33,532 | INFO  | agentic | [56502376][qa] groq ok
2026-05-02 10:06:33,545 | INFO  | agentic | [56502376][state] task test file set · output_projects\56502376-39f4-4f22-9972-20b5cf1640b7\tests\test_t-002.py
2026-05-02 10:06:33,552 | INFO  | agentic | [56502376][state] task → in_progress
2026-05-02 10:06:33,554 | INFO  | agentic | [56502376][qa] test written · test_t-002.py · 24 lines
2026-05-02 10:06:38,561 | INFO  | agentic | [56502376][qa] groq call · model=qwen/qwen3-32b temp=0.1
2026-05-02 10:07:08,685 | INFO  | agentic | [56502376][qa] groq ok
2026-05-02 10:07:08,697 | INFO  | agentic | [56502376][state] task test file set · output_projects\56502376-39f4-4f22-9972-20b5cf1640b7\tests\test_t-003.py
2026-05-02 10:07:08,706 | INFO  | agentic | [56502376][state] task → in_progress
2026-05-02 10:07:08,711 | INFO  | agentic | [56502376][qa] test written · test_t-003.py · 17 lines
2026-05-02 10:07:13,713 | INFO  | agentic | [56502376][qa] groq call · model=qwen/qwen3-32b temp=0.1
2026-05-02 10:07:42,739 | INFO  | agentic | [56502376][qa] groq ok
2026-05-02 10:07:42,753 | INFO  | agentic | [56502376][state] task test file set · output_projects\56502376-39f4-4f22-9972-20b5cf1640b7\tests\test_t-004.py
2026-05-02 10:07:42,762 | INFO  | agentic | [56502376][state] task → in_progress
2026-05-02 10:07:42,765 | INFO  | agentic | [56502376][qa] test written · test_t-004.py · 21 lines
2026-05-02 10:07:47,775 | INFO  | agentic | [56502376][qa] groq call · model=qwen/qwen3-32b temp=0.1
2026-05-02 10:08:09,055 | INFO  | agentic | [56502376][qa] groq ok
2026-05-02 10:08:09,058 | INFO  | agentic | [56502376][state] task test file set · output_projects\56502376-39f4-4f22-9972-20b5cf1640b7\tests\test_t-005.py
2026-05-02 10:08:09,060 | INFO  | agentic | [56502376][state] task → in_progress
2026-05-02 10:08:09,061 | INFO  | agentic | [56502376][qa] test written · test_t-005.py · 12 lines
2026-05-02 10:08:14,078 | INFO  | agentic | [56502376][qa] groq call · model=qwen/qwen3-32b temp=0.1
2026-05-02 10:08:42,337 | INFO  | agentic | [56502376][qa] groq ok
2026-05-02 10:08:42,341 | INFO  | agentic | [56502376][state] task test file set · output_projects\56502376-39f4-4f22-9972-20b5cf1640b7\tests\test_t-006.py
2026-05-02 10:08:42,346 | INFO  | agentic | [56502376][state] task → in_progress
2026-05-02 10:08:42,349 | INFO  | agentic | [56502376][qa] test written · test_t-006.py · 1 lines
2026-05-02 10:08:47,352 | INFO  | agentic | [56502376][qa] groq call · model=qwen/qwen3-32b temp=0.1
2026-05-02 10:08:58,352 | INFO  | agentic | [56502376][qa] groq ok
2026-05-02 10:08:58,355 | INFO  | agentic | [56502376][state] task test file set · output_projects\56502376-39f4-4f22-9972-20b5cf1640b7\tests\test_t-007.py
2026-05-02 10:08:58,361 | INFO  | agentic | [56502376][state] task → in_progress
2026-05-02 10:08:58,362 | INFO  | agentic | [56502376][qa] test written · test_t-007.py · 14 lines
2026-05-02 10:09:03,383 | INFO  | agentic | [56502376][qa] groq call · model=qwen/qwen3-32b temp=0.1
2026-05-02 10:09:08,704 | INFO  | agentic | [56502376][qa] groq ok
2026-05-02 10:09:08,709 | INFO  | agentic | [56502376][state] task test file set · output_projects\56502376-39f4-4f22-9972-20b5cf1640b7\tests\test_t-008.py
2026-05-02 10:09:08,711 | INFO  | agentic | [56502376][state] task → in_progress
2026-05-02 10:09:08,713 | INFO  | agentic | [56502376][qa] test written · test_t-008.py · 16 lines
2026-05-02 10:09:13,723 | INFO  | agentic | [56502376][qa] groq call · model=qwen/qwen3-32b temp=0.1
2026-05-02 10:09:42,858 | INFO  | agentic | [56502376][qa] groq ok
2026-05-02 10:09:42,863 | INFO  | agentic | [56502376][state] task test file set · output_projects\56502376-39f4-4f22-9972-20b5cf1640b7\tests\test_t-009.py
2026-05-02 10:09:42,866 | INFO  | agentic | [56502376][state] task → in_progress
2026-05-02 10:09:42,868 | INFO  | agentic | [56502376][qa] test written · test_t-009.py · 22 lines
2026-05-02 10:09:47,887 | INFO  | agentic | [56502376][qa] groq call · model=qwen/qwen3-32b temp=0.1
2026-05-02 10:10:03,341 | INFO  | agentic | [56502376][qa] groq ok
2026-05-02 10:10:03,346 | INFO  | agentic | [56502376][state] task test file set · output_projects\56502376-39f4-4f22-9972-20b5cf1640b7\tests\test_t-010.py
2026-05-02 10:10:03,350 | INFO  | agentic | [56502376][state] task → in_progress
2026-05-02 10:10:03,352 | INFO  | agentic | [56502376][qa] test written · test_t-010.py · 22 lines
2026-05-02 10:10:08,381 | INFO  | agentic | [56502376][qa] groq call · model=qwen/qwen3-32b temp=0.1
2026-05-02 10:10:26,730 | INFO  | agentic | [56502376][qa] groq ok
2026-05-02 10:10:26,734 | INFO  | agentic | [56502376][state] task test file set · output_projects\56502376-39f4-4f22-9972-20b5cf1640b7\tests\test_t-011.py
2026-05-02 10:10:26,738 | INFO  | agentic | [56502376][state] task → in_progress
2026-05-02 10:10:26,740 | INFO  | agentic | [56502376][qa] test written · test_t-011.py · 19 lines
2026-05-02 10:10:31,730 | INFO  | agentic | [56502376][qa] groq call · model=qwen/qwen3-32b temp=0.1
2026-05-02 10:10:47,885 | INFO  | agentic | [56502376][qa] groq ok
2026-05-02 10:10:47,891 | INFO  | agentic | [56502376][state] task test file set · output_projects\56502376-39f4-4f22-9972-20b5cf1640b7\tests\test_t-012.py
2026-05-02 10:10:47,894 | INFO  | agentic | [56502376][state] task → in_progress
2026-05-02 10:10:47,896 | INFO  | agentic | [56502376][qa] test written · test_t-012.py · 18 lines
2026-05-02 10:10:52,909 | INFO  | agentic | [56502376][qa] qa: 12 failing test files written
2026-05-02 10:10:52,914 | INFO  | agentic | [56502376][qa] agent → success
2026-05-02 10:10:52,918 | INFO  | agentic | [56502376][coder] agent → running
2026-05-02 10:10:52,922 | INFO  | agentic | [56502376][coder] groq call · model=qwen/qwen3-32b temp=0.2
2026-05-02 10:11:07,951 | INFO  | agentic | [56502376][coder] groq ok
2026-05-02 10:11:12,972 | INFO  | agentic | [56502376][coder] groq call · model=qwen/qwen3-32b temp=0.2
2026-05-02 10:11:25,850 | INFO  | agentic | [56502376][coder] groq ok
2026-05-02 10:11:25,858 | INFO  | agentic | [56502376][state] task code files set · 1 file(s)
2026-05-02 10:11:25,859 | INFO  | agentic | [56502376][coder] task t-002 · 1 file(s) written
2026-05-02 10:11:30,883 | INFO  | agentic | [56502376][coder] groq call · model=qwen/qwen3-32b temp=0.2
2026-05-02 10:11:43,279 | INFO  | agentic | [56502376][coder] groq ok
2026-05-02 10:11:43,290 | INFO  | agentic | [56502376][state] task code files set · 1 file(s)
2026-05-02 10:11:43,295 | INFO  | agentic | [56502376][coder] task t-003 · 1 file(s) written
2026-05-02 10:11:48,295 | INFO  | agentic | [56502376][coder] groq call · model=qwen/qwen3-32b temp=0.2
2026-05-02 10:12:09,743 | INFO  | agentic | [56502376][coder] groq ok
2026-05-02 10:12:09,748 | INFO  | agentic | [56502376][state] task code files set · 1 file(s)
2026-05-02 10:12:09,749 | INFO  | agentic | [56502376][coder] task t-004 · 1 file(s) written
2026-05-02 10:12:14,756 | INFO  | agentic | [56502376][coder] groq call · model=qwen/qwen3-32b temp=0.2
2026-05-02 10:12:19,859 | INFO  | agentic | [56502376][coder] groq ok
2026-05-02 10:12:19,865 | INFO  | agentic | [56502376][state] task code files set · 1 file(s)
2026-05-02 10:12:19,866 | INFO  | agentic | [56502376][coder] task t-005 · 1 file(s) written
2026-05-02 10:12:24,858 | INFO  | agentic | [56502376][coder] groq call · model=qwen/qwen3-32b temp=0.2
2026-05-02 10:12:33,018 | INFO  | agentic | [56502376][coder] groq ok
2026-05-02 10:12:33,027 | INFO  | agentic | [56502376][state] task code files set · 1 file(s)
2026-05-02 10:12:33,029 | INFO  | agentic | [56502376][coder] task t-006 · 1 file(s) written
2026-05-02 10:12:38,051 | INFO  | agentic | [56502376][coder] groq call · model=qwen/qwen3-32b temp=0.2
2026-05-02 10:12:46,053 | INFO  | agentic | [56502376][coder] groq ok
2026-05-02 10:12:46,059 | INFO  | agentic | [56502376][state] task code files set · 1 file(s)
2026-05-02 10:12:46,060 | INFO  | agentic | [56502376][coder] task t-007 · 1 file(s) written
2026-05-02 10:12:51,084 | INFO  | agentic | [56502376][coder] groq call · model=qwen/qwen3-32b temp=0.2
2026-05-02 10:12:56,017 | INFO  | agentic | [56502376][coder] groq ok
2026-05-02 10:12:56,025 | INFO  | agentic | [56502376][state] task code files set · 1 file(s)
2026-05-02 10:12:56,027 | INFO  | agentic | [56502376][coder] task t-008 · 1 file(s) written
2026-05-02 10:13:01,028 | INFO  | agentic | [56502376][coder] groq call · model=qwen/qwen3-32b temp=0.2
2026-05-02 10:13:10,348 | INFO  | agentic | [56502376][coder] groq ok
2026-05-02 10:13:10,358 | INFO  | agentic | [56502376][state] task code files set · 1 file(s)
2026-05-02 10:13:10,360 | INFO  | agentic | [56502376][coder] task t-009 · 1 file(s) written
2026-05-02 10:13:15,382 | INFO  | agentic | [56502376][coder] groq call · model=qwen/qwen3-32b temp=0.2
2026-05-02 10:13:47,713 | INFO  | agentic | [56502376][coder] groq ok
2026-05-02 10:13:47,717 | INFO  | agentic | [56502376][state] task code files set · 1 file(s)
2026-05-02 10:13:47,719 | INFO  | agentic | [56502376][coder] task t-010 · 1 file(s) written
2026-05-02 10:13:52,713 | INFO  | agentic | [56502376][coder] groq call · model=qwen/qwen3-32b temp=0.2
2026-05-02 10:14:14,184 | INFO  | agentic | [56502376][coder] groq ok
2026-05-02 10:14:14,187 | INFO  | agentic | [56502376][state] task code files set · 1 file(s)
2026-05-02 10:14:14,189 | INFO  | agentic | [56502376][coder] task t-011 · 1 file(s) written
2026-05-02 10:14:19,190 | INFO  | agentic | [56502376][coder] groq call · model=qwen/qwen3-32b temp=0.2
2026-05-02 10:14:28,931 | INFO  | agentic | [56502376][coder] groq ok
2026-05-02 10:14:28,934 | INFO  | agentic | [56502376][state] task code files set · 1 file(s)
2026-05-02 10:14:28,935 | INFO  | agentic | [56502376][coder] task t-012 · 1 file(s) written
2026-05-02 10:14:33,943 | INFO  | agentic | [56502376][coder] coder: 11 files across 12 tasks
2026-05-02 10:14:33,945 | INFO  | agentic | [56502376][coder] agent → success
2026-05-02 10:14:33,950 | INFO  | agentic | [56502376][validator] agent → running
2026-05-02 10:14:33,960 | INFO  | agentic | [56502376][validator] agent → skipped
2026-05-02 10:14:33,961 | INFO  | agentic | [56502376][validator] skipped (NotImplementedError) — dry-run
2026-05-02 10:14:33,969 | INFO  | agentic | [56502376][recovery] agent → running
2026-05-02 10:14:33,978 | INFO  | agentic | [56502376][recovery] agent → skipped
2026-05-02 10:14:33,981 | INFO  | agentic | [56502376][recovery] skipped (NotImplementedError) — dry-run
2026-05-02 10:14:33,988 | INFO  | agentic | [56502376][state] run updated: ['status']
2026-05-02 10:14:33,990 | INFO  | agentic | [56502376][orchestrator] pipeline complete
2026-05-02 10:47:35,236 | INFO  | agentic | [b7fd6e7c][state] run created
2026-05-02 10:47:35,259 | INFO  | agentic | [b7fd6e7c][state] run updated: ['status']
2026-05-02 10:47:35,261 | INFO  | agentic | [b7fd6e7c][orchestrator] pipeline start · 7 agents
2026-05-02 10:47:35,267 | INFO  | agentic | [b7fd6e7c][intake] agent → running
2026-05-02 10:47:35,272 | INFO  | agentic | [b7fd6e7c][intake] groq call · model=llama-3.1-8b-instant temp=0.3
2026-05-02 10:47:37,786 | INFO  | agentic | [b7fd6e7c][intake] groq ok
2026-05-02 10:47:37,794 | INFO  | agentic | [b7fd6e7c][state] specification stored
2026-05-02 10:47:37,806 | INFO  | agentic | [b7fd6e7c][state] run updated: ['status']
2026-05-02 10:47:37,811 | INFO  | agentic | [b7fd6e7c][intake] awaiting 2 clarification(s)
2026-05-02 10:47:37,820 | INFO  | agentic | [b7fd6e7c][intake] agent → running
2026-05-02 10:47:37,824 | INFO  | agentic | [b7fd6e7c][orchestrator] pipeline paused — intake awaiting user input
2026-05-02 10:49:22,119 | INFO  | agentic | [b7fd6e7c][state] specification stored
2026-05-02 10:49:22,124 | INFO  | agentic | [b7fd6e7c][intake] agent → idle
2026-05-02 10:49:22,130 | INFO  | agentic | [b7fd6e7c][state] run updated: ['status']
2026-05-02 10:49:22,132 | INFO  | agentic | [b7fd6e7c][intake] received 2 answer(s) — resuming
2026-05-02 10:49:22,138 | INFO  | agentic | [b7fd6e7c][state] run updated: ['status']
2026-05-02 10:49:22,141 | INFO  | agentic | [b7fd6e7c][orchestrator] pipeline start · 7 agents
2026-05-02 10:49:22,146 | INFO  | agentic | [b7fd6e7c][intake] agent → running
2026-05-02 10:49:22,149 | INFO  | agentic | [b7fd6e7c][intake] groq call · model=llama-3.1-8b-instant temp=0.3
2026-05-02 10:49:22,599 | INFO  | agentic | [b7fd6e7c][intake] groq ok
2026-05-02 10:49:22,604 | INFO  | agentic | [b7fd6e7c][state] specification stored
2026-05-02 10:49:22,611 | INFO  | agentic | [b7fd6e7c][state] run updated: ['status']
2026-05-02 10:49:22,613 | INFO  | agentic | [b7fd6e7c][intake] awaiting 2 clarification(s)
2026-05-02 10:49:22,619 | INFO  | agentic | [b7fd6e7c][intake] agent → running
2026-05-02 10:49:22,621 | INFO  | agentic | [b7fd6e7c][orchestrator] pipeline paused — intake awaiting user input
2026-05-02 10:49:44,698 | INFO  | agentic | [b7fd6e7c][state] specification stored
2026-05-02 10:49:44,702 | INFO  | agentic | [b7fd6e7c][intake] agent → idle
2026-05-02 10:49:44,706 | INFO  | agentic | [b7fd6e7c][state] run updated: ['status']
2026-05-02 10:49:44,709 | INFO  | agentic | [b7fd6e7c][intake] received 2 answer(s) — resuming
2026-05-02 10:49:44,715 | INFO  | agentic | [b7fd6e7c][state] run updated: ['status']
2026-05-02 10:49:44,717 | INFO  | agentic | [b7fd6e7c][orchestrator] pipeline start · 7 agents
2026-05-02 10:49:44,724 | INFO  | agentic | [b7fd6e7c][intake] agent → running
2026-05-02 10:49:44,726 | INFO  | agentic | [b7fd6e7c][intake] groq call · model=llama-3.1-8b-instant temp=0.3
2026-05-02 10:50:03,215 | INFO  | agentic | [b7fd6e7c][intake] groq ok
2026-05-02 10:50:03,222 | INFO  | agentic | [b7fd6e7c][state] specification stored
2026-05-02 10:50:03,226 | INFO  | agentic | [b7fd6e7c][state] run updated: ['status']
2026-05-02 10:50:03,230 | INFO  | agentic | [b7fd6e7c][intake] awaiting 3 clarification(s)
2026-05-02 10:50:03,236 | INFO  | agentic | [b7fd6e7c][intake] agent → running
2026-05-02 10:50:03,242 | INFO  | agentic | [b7fd6e7c][orchestrator] pipeline paused — intake awaiting user input
2026-05-02 10:51:03,468 | INFO  | agentic | [b7fd6e7c][state] specification stored
2026-05-02 10:51:03,473 | INFO  | agentic | [b7fd6e7c][intake] agent → idle
2026-05-02 10:51:03,477 | INFO  | agentic | [b7fd6e7c][state] run updated: ['status']
2026-05-02 10:51:03,478 | INFO  | agentic | [b7fd6e7c][intake] received 3 answer(s) — resuming
2026-05-02 10:51:03,483 | INFO  | agentic | [b7fd6e7c][state] run updated: ['status']
2026-05-02 10:51:03,484 | INFO  | agentic | [b7fd6e7c][orchestrator] pipeline start · 7 agents
2026-05-02 10:51:03,487 | INFO  | agentic | [b7fd6e7c][intake] agent → running
2026-05-02 10:51:03,491 | INFO  | agentic | [b7fd6e7c][intake] groq call · model=llama-3.1-8b-instant temp=0.3
2026-05-02 10:51:03,862 | INFO  | agentic | [b7fd6e7c][intake] groq ok
2026-05-02 10:51:03,870 | INFO  | agentic | [b7fd6e7c][state] specification stored
2026-05-02 10:51:03,876 | INFO  | agentic | [b7fd6e7c][state] run updated: ['status']
2026-05-02 10:51:03,878 | INFO  | agentic | [b7fd6e7c][intake] awaiting 2 clarification(s)
2026-05-02 10:51:03,885 | INFO  | agentic | [b7fd6e7c][intake] agent → running
2026-05-02 10:51:03,888 | INFO  | agentic | [b7fd6e7c][orchestrator] pipeline paused — intake awaiting user input
2026-05-02 10:51:14,262 | INFO  | agentic | [b7fd6e7c][state] specification stored
2026-05-02 10:51:14,267 | INFO  | agentic | [b7fd6e7c][intake] agent → idle
2026-05-02 10:51:14,273 | INFO  | agentic | [b7fd6e7c][state] run updated: ['status']
2026-05-02 10:51:14,275 | INFO  | agentic | [b7fd6e7c][intake] received 2 answer(s) — resuming
2026-05-02 10:51:14,281 | INFO  | agentic | [b7fd6e7c][state] run updated: ['status']
2026-05-02 10:51:14,283 | INFO  | agentic | [b7fd6e7c][orchestrator] pipeline start · 7 agents
2026-05-02 10:51:14,290 | INFO  | agentic | [b7fd6e7c][intake] agent → running
2026-05-02 10:51:14,293 | INFO  | agentic | [b7fd6e7c][intake] groq call · model=llama-3.1-8b-instant temp=0.3
2026-05-02 10:51:14,832 | INFO  | agentic | [b7fd6e7c][intake] groq ok
2026-05-02 10:51:14,839 | INFO  | agentic | [b7fd6e7c][state] specification stored
2026-05-02 10:51:14,843 | INFO  | agentic | [b7fd6e7c][intake] spec ready · sweet-serenity-bakery · 3 features
2026-05-02 10:51:14,848 | INFO  | agentic | [b7fd6e7c][intake] agent → success
2026-05-02 10:51:14,856 | INFO  | agentic | [b7fd6e7c][architect] agent → running
2026-05-02 10:51:14,863 | INFO  | agentic | [b7fd6e7c][architect] groq call · model=llama-3.1-8b-instant temp=0.2
2026-05-02 10:51:16,965 | INFO  | agentic | [b7fd6e7c][architect] groq ok
2026-05-02 10:51:16,974 | INFO  | agentic | [b7fd6e7c][state] architecture stored
2026-05-02 10:51:16,992 | INFO  | agentic | [b7fd6e7c][architect] arch: 0 APIs · 0 tables · 0 modules
2026-05-02 10:51:16,999 | INFO  | agentic | [b7fd6e7c][architect] agent → success
2026-05-02 10:51:17,010 | INFO  | agentic | [b7fd6e7c][planner] agent → running
2026-05-02 10:51:17,017 | INFO  | agentic | [b7fd6e7c][planner] groq call · model=llama-3.1-8b-instant temp=0.2
2026-05-02 10:51:19,636 | INFO  | agentic | [b7fd6e7c][planner] groq ok
2026-05-02 10:51:19,644 | INFO  | agentic | [b7fd6e7c][state] task added · Create project structure
2026-05-02 10:51:19,654 | INFO  | agentic | [b7fd6e7c][state] task added · Create Hero.js component
2026-05-02 10:51:19,664 | INFO  | agentic | [b7fd6e7c][state] task added · Create FeaturedPastries.js component
2026-05-02 10:51:19,673 | INFO  | agentic | [b7fd6e7c][state] task added · Create index.js page
2026-05-02 10:51:19,682 | INFO  | agentic | [b7fd6e7c][state] task added · Create about.js page
2026-05-02 10:51:19,689 | INFO  | agentic | [b7fd6e7c][state] task added · Create globals.css file
2026-05-02 10:51:19,698 | INFO  | agentic | [b7fd6e7c][state] task added · Create fetcher.js utility
2026-05-02 10:51:19,707 | INFO  | agentic | [b7fd6e7c][state] task added · Configure Vercel entrypoint
2026-05-02 10:51:19,711 | INFO  | agentic | [b7fd6e7c][planner] plan: 8 atomic tasks
2026-05-02 10:51:19,720 | INFO  | agentic | [b7fd6e7c][planner] agent → success
2026-05-02 10:51:19,726 | INFO  | agentic | [b7fd6e7c][qa] agent → running
2026-05-02 10:51:19,757 | INFO  | agentic | [b7fd6e7c][state] run updated: ['output_dir']
2026-05-02 10:51:19,759 | INFO  | agentic | [b7fd6e7c][qa] groq call · model=qwen/qwen3-32b temp=0.1
2026-05-02 10:51:29,056 | INFO  | agentic | [b7fd6e7c][qa] groq ok
2026-05-02 10:51:29,067 | INFO  | agentic | [b7fd6e7c][state] task test file set · output_projects\b7fd6e7c-8971-43ec-a8ac-11e42680b745\tests\test_t-001.py
2026-05-02 10:51:29,076 | INFO  | agentic | [b7fd6e7c][state] task → in_progress
2026-05-02 10:51:29,080 | INFO  | agentic | [b7fd6e7c][qa] test written · test_t-001.py · 14 lines
2026-05-02 10:51:34,097 | INFO  | agentic | [b7fd6e7c][qa] groq call · model=qwen/qwen3-32b temp=0.1
2026-05-02 10:52:20,488 | INFO  | agentic | [b7fd6e7c][qa] groq ok
2026-05-02 10:52:20,496 | INFO  | agentic | [b7fd6e7c][state] task test file set · output_projects\b7fd6e7c-8971-43ec-a8ac-11e42680b745\tests\t-002.test.js
2026-05-02 10:52:20,501 | INFO  | agentic | [b7fd6e7c][state] task → in_progress
2026-05-02 10:52:20,502 | INFO  | agentic | [b7fd6e7c][qa] test written · t-002.test.js · 20 lines
2026-05-02 10:52:25,503 | INFO  | agentic | [b7fd6e7c][qa] groq call · model=qwen/qwen3-32b temp=0.1
2026-05-02 10:53:02,477 | INFO  | agentic | [b7fd6e7c][qa] groq ok
2026-05-02 10:53:02,491 | INFO  | agentic | [b7fd6e7c][state] task test file set · output_projects\b7fd6e7c-8971-43ec-a8ac-11e42680b745\tests\FeaturedPastries.test.js
2026-05-02 10:53:02,500 | INFO  | agentic | [b7fd6e7c][state] task → in_progress
2026-05-02 10:53:02,506 | INFO  | agentic | [b7fd6e7c][qa] test written · FeaturedPastries.test.js · 23 lines
2026-05-02 10:53:07,521 | INFO  | agentic | [b7fd6e7c][qa] groq call · model=qwen/qwen3-32b temp=0.1
2026-05-02 10:53:32,962 | INFO  | agentic | [b7fd6e7c][qa] groq ok
2026-05-02 10:53:32,981 | INFO  | agentic | [b7fd6e7c][state] task test file set · output_projects\b7fd6e7c-8971-43ec-a8ac-11e42680b745\tests\index.test.js
2026-05-02 10:53:32,996 | INFO  | agentic | [b7fd6e7c][state] task → in_progress
2026-05-02 10:53:33,009 | INFO  | agentic | [b7fd6e7c][qa] test written · index.test.js · 19 lines
2026-05-02 10:53:38,040 | INFO  | agentic | [b7fd6e7c][qa] groq call · model=qwen/qwen3-32b temp=0.1
2026-05-02 10:54:12,186 | INFO  | agentic | [b7fd6e7c][qa] groq ok
2026-05-02 10:54:12,197 | INFO  | agentic | [b7fd6e7c][state] task test file set · output_projects\b7fd6e7c-8971-43ec-a8ac-11e42680b745\tests\t-005.test.js
2026-05-02 10:54:12,213 | INFO  | agentic | [b7fd6e7c][state] task → in_progress
2026-05-02 10:54:12,218 | INFO  | agentic | [b7fd6e7c][qa] test written · t-005.test.js · 16 lines
2026-05-02 10:54:17,226 | INFO  | agentic | [b7fd6e7c][qa] groq call · model=qwen/qwen3-32b temp=0.1
2026-05-02 10:54:19,785 | INFO  | agentic | [b7fd6e7c][qa] groq ok
2026-05-02 10:54:19,794 | INFO  | agentic | [b7fd6e7c][state] task test file set · output_projects\b7fd6e7c-8971-43ec-a8ac-11e42680b745\tests\test_t-006.py
2026-05-02 10:54:19,802 | INFO  | agentic | [b7fd6e7c][state] task → in_progress
2026-05-02 10:54:19,808 | INFO  | agentic | [b7fd6e7c][qa] test written · test_t-006.py · 10 lines
2026-05-02 10:54:24,830 | INFO  | agentic | [b7fd6e7c][qa] groq call · model=qwen/qwen3-32b temp=0.1
2026-05-02 10:54:42,687 | INFO  | agentic | [b7fd6e7c][qa] groq ok
2026-05-02 10:54:42,700 | INFO  | agentic | [b7fd6e7c][state] task test file set · output_projects\b7fd6e7c-8971-43ec-a8ac-11e42680b745\tests\test_t-007.js
2026-05-02 10:54:42,715 | INFO  | agentic | [b7fd6e7c][state] task → in_progress
2026-05-02 10:54:42,746 | INFO  | agentic | [b7fd6e7c][qa] test written · test_t-007.js · 28 lines
2026-05-02 10:54:47,745 | INFO  | agentic | [b7fd6e7c][qa] groq call · model=qwen/qwen3-32b temp=0.1
2026-05-02 10:54:59,769 | INFO  | agentic | [b7fd6e7c][qa] groq ok
2026-05-02 10:54:59,781 | INFO  | agentic | [b7fd6e7c][state] task test file set · output_projects\b7fd6e7c-8971-43ec-a8ac-11e42680b745\tests\test_t-008.py
2026-05-02 10:54:59,794 | INFO  | agentic | [b7fd6e7c][state] task → in_progress
2026-05-02 10:54:59,799 | INFO  | agentic | [b7fd6e7c][qa] test written · test_t-008.py · 7 lines
2026-05-02 10:55:04,802 | INFO  | agentic | [b7fd6e7c][qa] qa: 8 failing test files written
2026-05-02 10:55:04,811 | INFO  | agentic | [b7fd6e7c][qa] agent → success
2026-05-02 10:55:04,823 | INFO  | agentic | [b7fd6e7c][coder] agent → running
2026-05-02 10:55:04,858 | INFO  | agentic | [b7fd6e7c][coder] groq call · model=qwen/qwen3-32b temp=0.2
2026-05-02 10:55:14,046 | INFO  | agentic | [b7fd6e7c][coder] groq ok
2026-05-02 10:55:14,061 | INFO  | agentic | [b7fd6e7c][state] task code files set · 2 file(s)
2026-05-02 10:55:14,067 | INFO  | agentic | [b7fd6e7c][coder] task t-001 · 2 file(s) written
2026-05-02 10:55:19,074 | INFO  | agentic | [b7fd6e7c][coder] groq call · model=qwen/qwen3-32b temp=0.2
2026-05-02 10:55:58,178 | INFO  | agentic | [b7fd6e7c][coder] groq ok
2026-05-02 10:55:58,205 | INFO  | agentic | [b7fd6e7c][state] task code files set · 1 file(s)
2026-05-02 10:55:58,210 | INFO  | agentic | [b7fd6e7c][coder] task t-002 · 1 file(s) written
2026-05-02 10:56:03,243 | INFO  | agentic | [b7fd6e7c][coder] groq call · model=qwen/qwen3-32b temp=0.2
2026-05-02 10:56:05,341 | INFO  | agentic | [b7fd6e7c][coder] groq ok
2026-05-02 10:56:05,367 | INFO  | agentic | [b7fd6e7c][state] task code files set · 1 file(s)
2026-05-02 10:56:05,371 | INFO  | agentic | [b7fd6e7c][coder] task t-003 · 1 file(s) written
2026-05-02 10:56:10,381 | INFO  | agentic | [b7fd6e7c][coder] groq call · model=qwen/qwen3-32b temp=0.2
2026-05-02 10:56:19,685 | INFO  | agentic | [b7fd6e7c][coder] groq ok
2026-05-02 10:56:19,702 | INFO  | agentic | [b7fd6e7c][state] task code files set · 1 file(s)
2026-05-02 10:56:19,708 | INFO  | agentic | [b7fd6e7c][coder] task t-004 · 1 file(s) written
2026-05-02 10:56:24,726 | INFO  | agentic | [b7fd6e7c][coder] groq call · model=qwen/qwen3-32b temp=0.2
2026-05-02 10:56:25,946 | INFO  | agentic | [b7fd6e7c][coder] groq ok
2026-05-02 10:56:25,967 | INFO  | agentic | [b7fd6e7c][state] task code files set · 1 file(s)
2026-05-02 10:56:25,970 | INFO  | agentic | [b7fd6e7c][coder] task t-005 · 1 file(s) written
2026-05-02 10:56:30,984 | INFO  | agentic | [b7fd6e7c][coder] groq call · model=qwen/qwen3-32b temp=0.2
2026-05-02 10:56:44,040 | INFO  | agentic | [b7fd6e7c][coder] groq ok
2026-05-02 10:56:44,059 | INFO  | agentic | [b7fd6e7c][state] task code files set · 1 file(s)
2026-05-02 10:56:44,063 | INFO  | agentic | [b7fd6e7c][coder] task t-006 · 1 file(s) written
2026-05-02 10:56:49,091 | INFO  | agentic | [b7fd6e7c][coder] groq call · model=qwen/qwen3-32b temp=0.2
2026-05-02 10:56:51,000 | INFO  | agentic | [b7fd6e7c][coder] groq ok
2026-05-02 10:56:51,011 | INFO  | agentic | [b7fd6e7c][state] task code files set · 1 file(s)
2026-05-02 10:56:51,018 | INFO  | agentic | [b7fd6e7c][coder] task t-007 · 1 file(s) written
2026-05-02 10:56:56,011 | INFO  | agentic | [b7fd6e7c][coder] groq call · model=qwen/qwen3-32b temp=0.2
2026-05-02 10:56:58,911 | INFO  | agentic | [b7fd6e7c][coder] groq ok
2026-05-02 10:56:58,928 | INFO  | agentic | [b7fd6e7c][state] task code files set · 1 file(s)
2026-05-02 10:56:58,933 | INFO  | agentic | [b7fd6e7c][coder] task t-008 · 1 file(s) written
2026-05-02 10:57:03,973 | INFO  | agentic | [b7fd6e7c][coder] coder: 9 files across 8 tasks
2026-05-02 10:57:03,984 | INFO  | agentic | [b7fd6e7c][coder] agent → success
2026-05-02 10:57:03,997 | INFO  | agentic | [b7fd6e7c][validator] agent → running
2026-05-02 10:57:04,021 | INFO  | agentic | [b7fd6e7c][validator] agent → skipped
2026-05-02 10:57:04,030 | INFO  | agentic | [b7fd6e7c][validator] skipped (NotImplementedError) — dry-run
2026-05-02 10:57:04,041 | INFO  | agentic | [b7fd6e7c][recovery] agent → running
2026-05-02 10:57:04,055 | INFO  | agentic | [b7fd6e7c][recovery] agent → skipped
2026-05-02 10:57:04,059 | INFO  | agentic | [b7fd6e7c][recovery] skipped (NotImplementedError) — dry-run
2026-05-02 10:57:04,070 | INFO  | agentic | [b7fd6e7c][state] run updated: ['status']
2026-05-02 10:57:04,077 | INFO  | agentic | [b7fd6e7c][orchestrator] pipeline complete
